code_id,brand,market,appliance_type,code,meaning,component,cause_category,severity,source_type,source_name,source_url
354,Beko,UK,washer,E01,The machine is not detecting the door as closed and locked.,door interlock,door_lock,stop_failure,aggregator_listing,Whitegoods Help — Beko Washing Machine Error Codes,https://www.whitegoodshelp.co.uk/beko-washing-machine-error-codes/
355,Beko,UK,washer,E02,The water is not reaching its target temperature.,heating element,heating,degraded,aggregator_listing,Whitegoods Help — Beko Washing Machine Error Codes,https://www.whitegoodshelp.co.uk/beko-washing-machine-error-codes/
356,Beko,UK,washer,E03,The machine cannot drain within the expected time.,drain pump,drainage,stop_failure,aggregator_listing,Whitegoods Help — Beko Washing Machine Error Codes,https://www.whitegoodshelp.co.uk/beko-washing-machine-error-codes/
357,Beko,UK,washer,E04,The machine is not filling within the expected time.,water inlet valve,water_supply,stop_failure,aggregator_listing,Whitegoods Help — Beko Washing Machine Error Codes,https://www.whitegoodshelp.co.uk/beko-washing-machine-error-codes/
358,Beko,UK,washer,E05,The water-level pressure switch is reading incorrectly.,pressure switch,sensor,degraded,aggregator_listing,Whitegoods Help — Beko Washing Machine Error Codes,https://www.whitegoodshelp.co.uk/beko-washing-machine-error-codes/
359,Beko,UK,washer,E06,The NTC temperature sensor is not reading correctly.,NTC thermistor,sensor,degraded,aggregator_listing,Whitegoods Help — Beko Washing Machine Error Codes,https://www.whitegoodshelp.co.uk/beko-washing-machine-error-codes/
360,Beko,UK,washer,E07,A motor or motor-triac circuit fault was detected.,drive motor,motor,stop_failure,aggregator_listing,Whitegoods Help — Beko Washing Machine Error Codes,https://www.whitegoodshelp.co.uk/beko-washing-machine-error-codes/
361,Beko,UK,washer,E08,A motor or tachometer fault was detected.,tachogenerator,motor,degraded,aggregator_listing,Whitegoods Help — Beko Washing Machine Error Codes,https://www.whitegoodshelp.co.uk/beko-washing-machine-error-codes/
362,Beko,UK,washer,E09,A door interlock fault was detected (variant code).,door interlock,door_lock,degraded,aggregator_listing,Whitegoods Help — Beko Washing Machine Error Codes,https://www.whitegoodshelp.co.uk/beko-washing-machine-error-codes/
363,Beko,UK,washer,E10,A door lock or control fault was detected.,door interlock,door_lock,degraded,aggregator_listing,Whitegoods Help — Beko Washing Machine Error Codes,https://www.whitegoodshelp.co.uk/beko-washing-machine-error-codes/
364,Beko,UK,washer,E11,A motor fault or unbalanced load was detected during spin.,drive motor,unbalanced,degraded,aggregator_listing,Whitegoods Help — Beko Washing Machine Error Codes,https://www.whitegoodshelp.co.uk/beko-washing-machine-error-codes/
365,Beko,UK,washer,E13,A water leak was detected by the leak-protection system.,internal hoses and seals,leak,stop_failure,aggregator_listing,Whitegoods Help — Beko Washing Machine Error Codes,https://www.whitegoodshelp.co.uk/beko-washing-machine-error-codes/
366,Beko,UK,washer,E17,A motor or inverter-board fault on induction motor models.,inverter board,motor,degraded,aggregator_listing,Whitegoods Help — Beko Washing Machine Error Codes,https://www.whitegoodshelp.co.uk/beko-washing-machine-error-codes/
163,Bosch,US,dishwasher,E01,A fault in the heating or pump-control circuit was detected.,heat pump circuit,heating,stop_failure,aggregator_listing,ApplianceCodeHub — Bosch Dishwasher Error Codes,https://www.appliancecodehub.com/bosch/dishwasher/
164,Bosch,US,dishwasher,E02,A water-heating relay fault was detected.,control board,heating,degraded,aggregator_listing,ApplianceCodeHub — Bosch Dishwasher Error Codes,https://www.appliancecodehub.com/bosch/dishwasher/
165,Bosch,US,dishwasher,E03,The auxiliary heater relay is faulty.,control board,heating,degraded,aggregator_listing,ApplianceCodeHub — Bosch Dishwasher Error Codes,https://www.appliancecodehub.com/bosch/dishwasher/
166,Bosch,US,dishwasher,E04,A fault was detected in the water inlet system.,water inlet valve,water_supply,degraded,aggregator_listing,ApplianceCodeHub — Bosch Dishwasher Error Codes,https://www.appliancecodehub.com/bosch/dishwasher/
167,Bosch,US,dishwasher,E05,A malfunction was detected in the circulation system.,circulation pump,motor,degraded,aggregator_listing,ApplianceCodeHub — Bosch Dishwasher Error Codes,https://www.appliancecodehub.com/bosch/dishwasher/
168,Bosch,US,dishwasher,E09,The heating element or heat pump is faulty.,heating element,heating,stop_failure,aggregator_listing,ApplianceCodeHub — Bosch Dishwasher Error Codes,https://www.appliancecodehub.com/bosch/dishwasher/
169,Bosch,US,dishwasher,E12,A water leak was detected.,water inlet system,leak,degraded,aggregator_listing,ApplianceCodeHub — Bosch Dishwasher Error Codes,https://www.appliancecodehub.com/bosch/dishwasher/
170,Bosch,US,dishwasher,E14,A fault was detected in the door latch mechanism.,door latch assembly,door_lock,stop_failure,aggregator_listing,ApplianceCodeHub — Bosch Dishwasher Error Codes,https://www.appliancecodehub.com/bosch/dishwasher/
171,Bosch,US,dishwasher,E15,Leak protection triggered after water was detected in the base pan.,leak sensor,leak,stop_failure,aggregator_listing,ApplianceCodeHub — Bosch Dishwasher Error Codes,https://www.appliancecodehub.com/bosch/dishwasher/
172,Bosch,US,dishwasher,E17,A water inlet valve fault was detected.,water inlet valve,water_supply,degraded,aggregator_listing,ApplianceCodeHub — Bosch Dishwasher Error Codes,https://www.appliancecodehub.com/bosch/dishwasher/
173,Bosch,US,dishwasher,E18,A drainage system fault was detected.,drain pump,drainage,stop_failure,aggregator_listing,ApplianceCodeHub — Bosch Dishwasher Error Codes,https://www.appliancecodehub.com/bosch/dishwasher/
174,Bosch,US,dishwasher,E22,The filter or circulation pump is restricted or faulty.,circulation pump,motor,degraded,aggregator_listing,ApplianceCodeHub — Bosch Dishwasher Error Codes,https://www.appliancecodehub.com/bosch/dishwasher/
175,Bosch,US,dishwasher,E23,A heating element fault was detected.,heating element,heating,degraded,aggregator_listing,ApplianceCodeHub — Bosch Dishwasher Error Codes,https://www.appliancecodehub.com/bosch/dishwasher/
176,Bosch,US,dishwasher,E24,The drain pump is blocked or faulty.,drain pump,drainage,stop_failure,aggregator_listing,ApplianceCodeHub — Bosch Dishwasher Error Codes,https://www.appliancecodehub.com/bosch/dishwasher/
177,Bosch,US,dishwasher,E25,A blockage was detected in the drain system.,drain system,drainage,stop_failure,aggregator_listing,ApplianceCodeHub — Bosch Dishwasher Error Codes,https://www.appliancecodehub.com/bosch/dishwasher/
178,Bosch,US,dishwasher,E26,A main control board fault was detected.,control board,control_board,stop_failure,aggregator_listing,ApplianceCodeHub — Bosch Dishwasher Error Codes,https://www.appliancecodehub.com/bosch/dishwasher/
179,Bosch,US,dishwasher,E27,A sensor or valve fault was detected.,sensor,sensor,degraded,aggregator_listing,ApplianceCodeHub — Bosch Dishwasher Error Codes,https://www.appliancecodehub.com/bosch/dishwasher/
180,Bosch,US,dishwasher,H01,A door latch error was detected.,door latch mechanism,door_lock,degraded,aggregator_listing,ApplianceCodeHub — Bosch Dishwasher Error Codes,https://www.appliancecodehub.com/bosch/dishwasher/
274,Bosch,US,washer,E01,A door lock fault is preventing the washer from starting.,door lock,door_lock,stop_failure,aggregator_listing,ApplianceCodeHub — Bosch Washing Machine Error Codes,https://www.appliancecodehub.com/bosch/washing-machine/
275,Bosch,US,washer,E02,A drainage or motor fault is preventing drum rotation.,drive motor,motor,stop_failure,aggregator_listing,ApplianceCodeHub — Bosch Washing Machine Error Codes,https://www.appliancecodehub.com/bosch/washing-machine/
276,Bosch,US,washer,E03,"The door lock feedback signal failed, so secure closure cannot be confirmed.",door lock sensor,door_lock,degraded,aggregator_listing,ApplianceCodeHub — Bosch Washing Machine Error Codes,https://www.appliancecodehub.com/bosch/washing-machine/
277,Bosch,US,washer,E05,A drainage system fault is indicated.,drain system,drainage,,aggregator_listing,ApplianceCodeHub — Bosch Washing Machine Error Codes,https://www.appliancecodehub.com/bosch/washing-machine/
278,Bosch,US,washer,E11,A water inlet fault is indicated.,water inlet valve,water_supply,,aggregator_listing,ApplianceCodeHub — Bosch Washing Machine Error Codes,https://www.appliancecodehub.com/bosch/washing-machine/
279,Bosch,US,washer,E13,A drainage fault is indicated.,drain system,drainage,,aggregator_listing,ApplianceCodeHub — Bosch Washing Machine Error Codes,https://www.appliancecodehub.com/bosch/washing-machine/
280,Bosch,US,washer,E14,A water inlet fault is indicated.,water inlet valve,water_supply,,aggregator_listing,ApplianceCodeHub — Bosch Washing Machine Error Codes,https://www.appliancecodehub.com/bosch/washing-machine/
281,Bosch,US,washer,E16,A water inlet fault is indicated.,water inlet valve,water_supply,,aggregator_listing,ApplianceCodeHub — Bosch Washing Machine Error Codes,https://www.appliancecodehub.com/bosch/washing-machine/
282,Bosch,US,washer,E17,A water inlet fault is indicated.,water inlet valve,water_supply,,aggregator_listing,ApplianceCodeHub — Bosch Washing Machine Error Codes,https://www.appliancecodehub.com/bosch/washing-machine/
283,Bosch,US,washer,E19,A heating fault is indicated.,heating element,heating,,aggregator_listing,ApplianceCodeHub — Bosch Washing Machine Error Codes,https://www.appliancecodehub.com/bosch/washing-machine/
284,Bosch,US,washer,E20,A drainage fault is indicated.,drain system,drainage,,aggregator_listing,ApplianceCodeHub — Bosch Washing Machine Error Codes,https://www.appliancecodehub.com/bosch/washing-machine/
285,Bosch,US,washer,E21,A drainage fault is indicated.,drain system,drainage,,aggregator_listing,ApplianceCodeHub — Bosch Washing Machine Error Codes,https://www.appliancecodehub.com/bosch/washing-machine/
286,Bosch,US,washer,E22,A drainage fault is indicated.,drain system,drainage,,aggregator_listing,ApplianceCodeHub — Bosch Washing Machine Error Codes,https://www.appliancecodehub.com/bosch/washing-machine/
287,Bosch,US,washer,E24,A drainage fault is indicated.,drain system,drainage,,aggregator_listing,ApplianceCodeHub — Bosch Washing Machine Error Codes,https://www.appliancecodehub.com/bosch/washing-machine/
288,Bosch,US,washer,E88,A control communication fault is indicated.,control board,communication,,aggregator_listing,ApplianceCodeHub — Bosch Washing Machine Error Codes,https://www.appliancecodehub.com/bosch/washing-machine/
289,Bosch,US,washer,F16,A door fault is indicated.,door lock,door_lock,,aggregator_listing,ApplianceCodeHub — Bosch Washing Machine Error Codes,https://www.appliancecodehub.com/bosch/washing-machine/
290,Bosch,US,washer,F18,A drainage fault is indicated.,drain system,drainage,,aggregator_listing,ApplianceCodeHub — Bosch Washing Machine Error Codes,https://www.appliancecodehub.com/bosch/washing-machine/
291,Bosch,US,washer,F21,A motor fault is indicated.,drive motor,motor,,aggregator_listing,ApplianceCodeHub — Bosch Washing Machine Error Codes,https://www.appliancecodehub.com/bosch/washing-machine/
292,Bosch,US,washer,F42,A motor fault is indicated.,drive motor,motor,,aggregator_listing,ApplianceCodeHub — Bosch Washing Machine Error Codes,https://www.appliancecodehub.com/bosch/washing-machine/
293,Bosch,US,washer,F43,A motor fault is indicated.,drive motor,motor,,aggregator_listing,ApplianceCodeHub — Bosch Washing Machine Error Codes,https://www.appliancecodehub.com/bosch/washing-machine/
394,Candy,UK,washer,E01,The machine is not detecting the door as closed and locked.,door interlock,door_lock,stop_failure,aggregator_listing,Whitegoods Help — Candy Washing Machine Error Codes,https://www.whitegoodshelp.co.uk/candy-washing-machine-error-codes/
395,Candy,UK,washer,E02,The machine is not filling within the expected time.,water inlet valve,water_supply,stop_failure,aggregator_listing,Whitegoods Help — Candy Washing Machine Error Codes,https://www.whitegoodshelp.co.uk/candy-washing-machine-error-codes/
396,Candy,UK,washer,E03,The machine cannot drain within the expected time.,drain pump,drainage,stop_failure,aggregator_listing,Whitegoods Help — Candy Washing Machine Error Codes,https://www.whitegoodshelp.co.uk/candy-washing-machine-error-codes/
397,Candy,UK,washer,E04,Too much water was detected in the drum.,pressure switch,water_supply,degraded,aggregator_listing,Whitegoods Help — Candy Washing Machine Error Codes,https://www.whitegoodshelp.co.uk/candy-washing-machine-error-codes/
398,Candy,UK,washer,E05,The NTC temperature sensor is faulty.,NTC thermistor,sensor,degraded,aggregator_listing,Whitegoods Help — Candy Washing Machine Error Codes,https://www.whitegoodshelp.co.uk/candy-washing-machine-error-codes/
399,Candy,UK,washer,E06,An EEPROM or control-board memory fault was detected.,control board,control_board,stop_failure,aggregator_listing,Whitegoods Help — Candy Washing Machine Error Codes,https://www.whitegoodshelp.co.uk/candy-washing-machine-error-codes/
400,Candy,UK,washer,E07,"A door lock or motor fault was detected, varying by model.",door interlock,door_lock,degraded,aggregator_listing,Whitegoods Help — Candy Washing Machine Error Codes,https://www.whitegoodshelp.co.uk/candy-washing-machine-error-codes/
401,Candy,UK,washer,E08,The motor speed sensor is not reading drum speed correctly.,tachogenerator,motor,degraded,aggregator_listing,Whitegoods Help — Candy Washing Machine Error Codes,https://www.whitegoodshelp.co.uk/candy-washing-machine-error-codes/
402,Candy,UK,washer,E09,A triac fault was detected on the control board.,control board triac,control_board,degraded,aggregator_listing,Whitegoods Help — Candy Washing Machine Error Codes,https://www.whitegoodshelp.co.uk/candy-washing-machine-error-codes/
403,Candy,UK,washer,E10,A communication error occurred between control modules.,control board,communication,degraded,aggregator_listing,Whitegoods Help — Candy Washing Machine Error Codes,https://www.whitegoodshelp.co.uk/candy-washing-machine-error-codes/
404,Candy,UK,washer,E11,A drying-circuit heater fault on washer-dryer models.,drying heater,heating,degraded,aggregator_listing,Whitegoods Help — Candy Washing Machine Error Codes,https://www.whitegoodshelp.co.uk/candy-washing-machine-error-codes/
405,Candy,UK,washer,E12,A communication fault occurred between modules.,control board,communication,degraded,aggregator_listing,Whitegoods Help — Candy Washing Machine Error Codes,https://www.whitegoodshelp.co.uk/candy-washing-machine-error-codes/
406,Candy,UK,washer,E13,A control board fault was detected.,control board,control_board,degraded,aggregator_listing,Whitegoods Help — Candy Washing Machine Error Codes,https://www.whitegoodshelp.co.uk/candy-washing-machine-error-codes/
407,Candy,UK,washer,E14,A control board fault variant was detected.,control board,control_board,degraded,aggregator_listing,Whitegoods Help — Candy Washing Machine Error Codes,https://www.whitegoodshelp.co.uk/candy-washing-machine-error-codes/
408,Candy,UK,washer,E15,A drying heater fault on washer-dryer models.,drying heater,heating,degraded,aggregator_listing,Whitegoods Help — Candy Washing Machine Error Codes,https://www.whitegoodshelp.co.uk/candy-washing-machine-error-codes/
409,Candy,UK,washer,E16,A heating element or inverter-board fault was detected.,heating element,heating,degraded,aggregator_listing,Whitegoods Help — Candy Washing Machine Error Codes,https://www.whitegoodshelp.co.uk/candy-washing-machine-error-codes/
410,Candy,UK,washer,E17,No tacho signal: the speed sensor is not detecting drum rotation.,motor speed sensor,motor,degraded,aggregator_listing,Whitegoods Help — Candy Washing Machine Error Codes,https://www.whitegoodshelp.co.uk/candy-washing-machine-error-codes/
411,Candy,UK,washer,E18,A control board fault was detected.,control board,control_board,degraded,aggregator_listing,Whitegoods Help — Candy Washing Machine Error Codes,https://www.whitegoodshelp.co.uk/candy-washing-machine-error-codes/
412,Candy,UK,washer,E19,A pressure switch or level sensor fault was detected.,pressure switch,sensor,degraded,aggregator_listing,Whitegoods Help — Candy Washing Machine Error Codes,https://www.whitegoodshelp.co.uk/candy-washing-machine-error-codes/
413,Candy,UK,washer,E20,A drain pump fault variant or pressure switch error was detected.,drain pump,drainage,degraded,aggregator_listing,Whitegoods Help — Candy Washing Machine Error Codes,https://www.whitegoodshelp.co.uk/candy-washing-machine-error-codes/
414,Candy,UK,washer,E21,Incorrect current was detected in the motor circuit.,drive motor,motor,degraded,aggregator_listing,Whitegoods Help — Candy Washing Machine Error Codes,https://www.whitegoodshelp.co.uk/candy-washing-machine-error-codes/
415,Candy,UK,washer,E22,A drum sensor or motor fault was detected.,drum sensor,motor,degraded,aggregator_listing,Whitegoods Help — Candy Washing Machine Error Codes,https://www.whitegoodshelp.co.uk/candy-washing-machine-error-codes/
268,Frigidaire,US,dishwasher,CE,A communication or configuration fault between the control panel and main board was detected.,control board,communication,,aggregator_listing,ApplianceCodeHub — Frigidaire Dishwasher Error Codes,https://www.appliancecodehub.com/frigidaire/dishwasher/
259,Frigidaire,US,dishwasher,CL,The door is open or not securely closed.,door latch,door_lock,stop_failure,manufacturer_listing,Frigidaire Owner Support — Dishwasher Error Codes and Alarms Guide,https://owner.frigidaire.com/support-articles/article/1829620-dishwasher-error-code-guide
260,Frigidaire,US,dishwasher,HO,Heat delay or heater-on mode is active.,water heating system,informational,informational,manufacturer_listing,Frigidaire Owner Support — Dishwasher Error Codes and Alarms Guide,https://owner.frigidaire.com/support-articles/article/1829620-dishwasher-error-code-guide
263,Frigidaire,US,dishwasher,I10,A water inlet fault was detected during fill.,water inlet valve,water_supply,,aggregator_listing,ApplianceCodeHub — Frigidaire Dishwasher Error Codes,https://www.appliancecodehub.com/frigidaire/dishwasher/
257,Frigidaire,US,dishwasher,I20,The unit did not drain completely.,drain pump,drainage,stop_failure,manufacturer_listing,Frigidaire Owner Support — Dishwasher Error Codes and Alarms Guide,https://owner.frigidaire.com/support-articles/article/1829620-dishwasher-error-code-guide
264,Frigidaire,US,dishwasher,I30,An overflow condition was detected.,float switch,leak,,aggregator_listing,ApplianceCodeHub — Frigidaire Dishwasher Error Codes,https://www.appliancecodehub.com/frigidaire/dishwasher/
258,Frigidaire,US,dishwasher,I40,The filter or sump is clogged.,filter and sump,filter,degraded,manufacturer_listing,Frigidaire Owner Support — Dishwasher Error Codes and Alarms Guide,https://owner.frigidaire.com/support-articles/article/1829620-dishwasher-error-code-guide
265,Frigidaire,US,dishwasher,I50,A wash motor fault was detected.,motor assembly,motor,,aggregator_listing,ApplianceCodeHub — Frigidaire Dishwasher Error Codes,https://www.appliancecodehub.com/frigidaire/dishwasher/
266,Frigidaire,US,dishwasher,IC0,A communication fault was detected in the control electronics.,control board,communication,,aggregator_listing,ApplianceCodeHub — Frigidaire Dishwasher Error Codes,https://www.appliancecodehub.com/frigidaire/dishwasher/
267,Frigidaire,US,dishwasher,IF0,A water inlet fault was detected.,water inlet valve,water_supply,,aggregator_listing,ApplianceCodeHub — Frigidaire Dishwasher Error Codes,https://www.appliancecodehub.com/frigidaire/dishwasher/
269,Frigidaire,US,dishwasher,LO,A low water level was signaled.,pressure sensor,water_supply,,aggregator_listing,ApplianceCodeHub — Frigidaire Dishwasher Error Codes,https://www.appliancecodehub.com/frigidaire/dishwasher/
261,Frigidaire,US,dishwasher,LOC,The door lock indicator is active.,door latch,informational,informational,manufacturer_listing,Frigidaire Owner Support — Dishwasher Error Codes and Alarms Guide,https://owner.frigidaire.com/support-articles/article/1829620-dishwasher-error-code-guide
262,Frigidaire,US,dishwasher,PF,A power loss occurred.,control board,power,informational,manufacturer_listing,Frigidaire Owner Support — Dishwasher Error Codes and Alarms Guide,https://owner.frigidaire.com/support-articles/article/1829620-dishwasher-error-code-guide
270,Frigidaire,US,dishwasher,RA,A rinse-aid dispenser fault was detected.,rinse dispenser,dispenser,,aggregator_listing,ApplianceCodeHub — Frigidaire Dishwasher Error Codes,https://www.appliancecodehub.com/frigidaire/dishwasher/
271,Frigidaire,US,dishwasher,RE,A temperature probe fault was detected.,temperature sensor,sensor,,aggregator_listing,ApplianceCodeHub — Frigidaire Dishwasher Error Codes,https://www.appliancecodehub.com/frigidaire/dishwasher/
272,Frigidaire,US,dishwasher,TU,A turbidity sensor fault was detected.,turbidity sensor,sensor,,aggregator_listing,ApplianceCodeHub — Frigidaire Dishwasher Error Codes,https://www.appliancecodehub.com/frigidaire/dishwasher/
273,Frigidaire,US,dishwasher,UO,A drain fault was detected.,drain pump,drainage,,aggregator_listing,ApplianceCodeHub — Frigidaire Dishwasher Error Codes,https://www.appliancecodehub.com/frigidaire/dishwasher/
181,Frigidaire,US,washer,E11,The fill time is too long.,water inlet valve,water_supply,stop_failure,aggregator_listing,ApplianceAid — Frigidaire Front-Load Washer Fault Codes,https://applianceaid.com/frigidaire-frontload-washer-new-fault-codes.php
182,Frigidaire,US,washer,E13,A water leak in the tub or an air leak in the air bell was detected.,tub seal,leak,degraded,aggregator_listing,ApplianceAid — Frigidaire Front-Load Washer Fault Codes,https://applianceaid.com/frigidaire-frontload-washer-new-fault-codes.php
183,Frigidaire,US,washer,E14,A reed switch fault was detected.,reed switch,sensor,degraded,aggregator_listing,ApplianceAid — Frigidaire Front-Load Washer Fault Codes,https://applianceaid.com/frigidaire-frontload-washer-new-fault-codes.php
184,Frigidaire,US,washer,E21,Water is not pumping out fast enough.,drain pump,drainage,stop_failure,aggregator_listing,ApplianceAid — Frigidaire Front-Load Washer Fault Codes,https://applianceaid.com/frigidaire-frontload-washer-new-fault-codes.php
185,Frigidaire,US,washer,E23,The drain-pump relay on the control board failed.,control board,drainage,stop_failure,aggregator_listing,ApplianceAid — Frigidaire Front-Load Washer Fault Codes,https://applianceaid.com/frigidaire-frontload-washer-new-fault-codes.php
186,Frigidaire,US,washer,E31,A pressure-sensor communication failure was detected.,pressure sensor,sensor,degraded,aggregator_listing,ApplianceAid — Frigidaire Front-Load Washer Fault Codes,https://applianceaid.com/frigidaire-frontload-washer-new-fault-codes.php
187,Frigidaire,US,washer,E35,The pressure sensor indicates a water overfill.,pressure sensor,water_supply,stop_failure,aggregator_listing,ApplianceAid — Frigidaire Front-Load Washer Fault Codes,https://applianceaid.com/frigidaire-frontload-washer-new-fault-codes.php
188,Frigidaire,US,washer,E41,The control board reads the door switch as open.,door switch,door_lock,stop_failure,aggregator_listing,ApplianceAid — Frigidaire Front-Load Washer Fault Codes,https://applianceaid.com/frigidaire-frontload-washer-new-fault-codes.php
189,Frigidaire,US,washer,E42,The door remains locked after the cycle completes.,door lock solenoid,door_lock,degraded,aggregator_listing,ApplianceAid — Frigidaire Front-Load Washer Fault Codes,https://applianceaid.com/frigidaire-frontload-washer-new-fault-codes.php
190,Frigidaire,US,washer,E43,A control board fault was detected.,control board,control_board,stop_failure,aggregator_listing,ApplianceAid — Frigidaire Front-Load Washer Fault Codes,https://applianceaid.com/frigidaire-frontload-washer-new-fault-codes.php
191,Frigidaire,US,washer,E47,The door PTC circuit opened during spin.,door PTC circuit,door_lock,degraded,aggregator_listing,ApplianceAid — Frigidaire Front-Load Washer Fault Codes,https://applianceaid.com/frigidaire-frontload-washer-new-fault-codes.php
192,Frigidaire,US,washer,E52,A bad signal was received from the tachogenerator.,tachogenerator,sensor,degraded,aggregator_listing,ApplianceAid — Frigidaire Front-Load Washer Fault Codes,https://applianceaid.com/frigidaire-frontload-washer-new-fault-codes.php
193,Frigidaire,US,washer,E55,The motor is overheating.,drive motor,motor,stop_failure,aggregator_listing,ApplianceAid — Frigidaire Front-Load Washer Fault Codes,https://applianceaid.com/frigidaire-frontload-washer-new-fault-codes.php
194,Frigidaire,US,washer,E57,High current was detected on the inverter.,inverter,motor,stop_failure,aggregator_listing,ApplianceAid — Frigidaire Front-Load Washer Fault Codes,https://applianceaid.com/frigidaire-frontload-washer-new-fault-codes.php
195,Frigidaire,US,washer,E5D,A communication problem was detected.,control board,communication,degraded,aggregator_listing,ApplianceAid — Frigidaire Front-Load Washer Fault Codes,https://applianceaid.com/frigidaire-frontload-washer-new-fault-codes.php
196,Frigidaire,US,washer,E67,The microprocessor input voltage is incorrect.,control board,power,degraded,aggregator_listing,ApplianceAid — Frigidaire Front-Load Washer Fault Codes,https://applianceaid.com/frigidaire-frontload-washer-new-fault-codes.php
197,Frigidaire,US,washer,E75,A water-temperature sensor circuit failure was detected.,temperature sensor,sensor,degraded,aggregator_listing,ApplianceAid — Frigidaire Front-Load Washer Fault Codes,https://applianceaid.com/frigidaire-frontload-washer-new-fault-codes.php
198,Frigidaire,US,washer,EF1,The drain pump is clogged.,drain pump,drainage,degraded,aggregator_listing,ApplianceAid — Frigidaire Front-Load Washer Fault Codes,https://applianceaid.com/frigidaire-frontload-washer-new-fault-codes.php
199,Frigidaire,US,washer,EF2,Too much detergent was used.,detergent system,suds,degraded,aggregator_listing,ApplianceAid — Frigidaire Front-Load Washer Fault Codes,https://applianceaid.com/frigidaire-frontload-washer-new-fault-codes.php
126,GE,US,dishwasher,999,A possible leak was detected or a control reset is needed.,leak protection system,leak,stop_failure,manufacturer_listing,GE Appliances Support — Dishwasher Error/Fault/Function Codes,https://products.geappliances.com/appliance/gea-support-search-content?contentId=16673
114,GE,US,dishwasher,C1,The drain pump-out exceeded two minutes.,drain pump,drainage,degraded,manufacturer_listing,GE Appliances Support — Dishwasher Error/Fault/Function Codes,https://products.geappliances.com/appliance/gea-support-search-content?contentId=16673
115,GE,US,dishwasher,C2,The total pump-out cycle exceeded seven minutes.,drain pump,drainage,degraded,manufacturer_listing,GE Appliances Support — Dishwasher Error/Fault/Function Codes,https://products.geappliances.com/appliance/gea-support-search-content?contentId=16673
116,GE,US,dishwasher,C3,The dishwasher will not drain.,drain system,drainage,stop_failure,manufacturer_listing,GE Appliances Support — Dishwasher Error/Fault/Function Codes,https://products.geappliances.com/appliance/gea-support-search-content?contentId=16673
117,GE,US,dishwasher,C4,"The unit refilled twice after a power loss, suggesting a stuck or failed float switch.",float switch,sensor,degraded,manufacturer_listing,GE Appliances Support — Dishwasher Error/Fault/Function Codes,https://products.geappliances.com/appliance/gea-support-search-content?contentId=16673
118,GE,US,dishwasher,C5,The pump-out time was too short.,drain system,drainage,degraded,manufacturer_listing,GE Appliances Support — Dishwasher Error/Fault/Function Codes,https://products.geappliances.com/appliance/gea-support-search-content?contentId=16673
119,GE,US,dishwasher,C6,The incoming water temperature is too low.,water heater,temperature,degraded,manufacturer_listing,GE Appliances Support — Dishwasher Error/Fault/Function Codes,https://products.geappliances.com/appliance/gea-support-search-content?contentId=16673
120,GE,US,dishwasher,C7,The water-temperature sensor circuit is inoperative.,temperature sensor,sensor,degraded,manufacturer_listing,GE Appliances Support — Dishwasher Error/Fault/Function Codes,https://products.geappliances.com/appliance/gea-support-search-content?contentId=16673
121,GE,US,dishwasher,C8,The detergent cup is blocked from opening fully.,detergent dispenser,dispenser,degraded,manufacturer_listing,GE Appliances Support — Dishwasher Error/Fault/Function Codes,https://products.geappliances.com/appliance/gea-support-search-content?contentId=16673
123,GE,US,dishwasher,F56,The dishwasher failed to drain.,drain system,drainage,stop_failure,manufacturer_listing,GE Appliances Support — Dishwasher Error/Fault/Function Codes,https://products.geappliances.com/appliance/gea-support-search-content?contentId=16673
124,GE,US,dishwasher,H2O,A low incoming-water condition was detected.,water inlet,water_supply,degraded,manufacturer_listing,GE Appliances Support — Dishwasher Error/Fault/Function Codes,https://products.geappliances.com/appliance/gea-support-search-content?contentId=16673
122,GE,US,dishwasher,PF,A power failure occurred.,control board,power,informational,manufacturer_listing,GE Appliances Support — Dishwasher Error/Fault/Function Codes,https://products.geappliances.com/appliance/gea-support-search-content?contentId=16673
125,GE,US,dishwasher,PRS,The pressure sensor is sending an invalid signal.,pressure sensor,sensor,degraded,manufacturer_listing,GE Appliances Support — Dishwasher Error/Fault/Function Codes,https://products.geappliances.com/appliance/gea-support-search-content?contentId=16673
218,GE,US,oven_range,F0,A key panel fault was detected; the panel typically needs replacement.,key panel,control_board,degraded,manufacturer_listing,GE Appliances Support — Range & Wall Oven Error/Fault/Function Codes,https://products.geappliances.com/appliance/gea-support-search-content?contentId=16238
219,GE,US,oven_range,F1,A key panel fault was detected; the panel typically needs replacement.,key panel,control_board,degraded,manufacturer_listing,GE Appliances Support — Range & Wall Oven Error/Fault/Function Codes,https://products.geappliances.com/appliance/gea-support-search-content?contentId=16238
220,GE,US,oven_range,F2,The oven temperature exceeded the preset threshold.,temperature control,temperature,stop_failure,manufacturer_listing,GE Appliances Support — Range & Wall Oven Error/Fault/Function Codes,https://products.geappliances.com/appliance/gea-support-search-content?contentId=16238
221,GE,US,oven_range,F3,The oven temperature sensor needs replacement.,oven sensor,sensor,degraded,manufacturer_listing,GE Appliances Support — Range & Wall Oven Error/Fault/Function Codes,https://products.geappliances.com/appliance/gea-support-search-content?contentId=16238
222,GE,US,oven_range,F350,The upper cooling fan circuit is faulty or obstructed.,cooling fan,fan,degraded,manufacturer_listing,GE Appliances Support — Range & Wall Oven Error/Fault/Function Codes,https://products.geappliances.com/appliance/gea-support-search-content?contentId=16238
223,GE,US,oven_range,F4,The oven temperature sensor needs replacement.,oven sensor,sensor,degraded,manufacturer_listing,GE Appliances Support — Range & Wall Oven Error/Fault/Function Codes,https://products.geappliances.com/appliance/gea-support-search-content?contentId=16238
224,GE,US,oven_range,F5,The electronic oven control needs replacement.,electronic control,control_board,stop_failure,manufacturer_listing,GE Appliances Support — Range & Wall Oven Error/Fault/Function Codes,https://products.geappliances.com/appliance/gea-support-search-content?contentId=16238
225,GE,US,oven_range,F6,A key panel fault was detected; the panel typically needs replacement.,key panel,control_board,degraded,manufacturer_listing,GE Appliances Support — Range & Wall Oven Error/Fault/Function Codes,https://products.geappliances.com/appliance/gea-support-search-content?contentId=16238
226,GE,US,oven_range,F7,A key panel fault was detected; the panel typically needs replacement.,key panel,control_board,degraded,manufacturer_listing,GE Appliances Support — Range & Wall Oven Error/Fault/Function Codes,https://products.geappliances.com/appliance/gea-support-search-content?contentId=16238
227,GE,US,oven_range,F8,The electronic oven control needs replacement.,electronic control,control_board,stop_failure,manufacturer_listing,GE Appliances Support — Range & Wall Oven Error/Fault/Function Codes,https://products.geappliances.com/appliance/gea-support-search-content?contentId=16238
228,GE,US,oven_range,F9,A component in the door lock circuit failed.,door lock circuit,door_lock,stop_failure,manufacturer_listing,GE Appliances Support — Range & Wall Oven Error/Fault/Function Codes,https://products.geappliances.com/appliance/gea-support-search-content?contentId=16238
232,GE,US,oven_range,F96,An internal component needs replacement.,internal component,control_board,degraded,manufacturer_listing,GE Appliances Support — Range & Wall Oven Error/Fault/Function Codes,https://products.geappliances.com/appliance/gea-support-search-content?contentId=16238
233,GE,US,oven_range,F97,An internal component needs replacement.,internal component,control_board,degraded,manufacturer_listing,GE Appliances Support — Range & Wall Oven Error/Fault/Function Codes,https://products.geappliances.com/appliance/gea-support-search-content?contentId=16238
229,GE,US,oven_range,FC,A component in the door lock circuit failed.,door lock circuit,door_lock,stop_failure,manufacturer_listing,GE Appliances Support — Range & Wall Oven Error/Fault/Function Codes,https://products.geappliances.com/appliance/gea-support-search-content?contentId=16238
230,GE,US,oven_range,FD,The meat probe or its receptacle is faulty.,meat probe,sensor,degraded,manufacturer_listing,GE Appliances Support — Range & Wall Oven Error/Fault/Function Codes,https://products.geappliances.com/appliance/gea-support-search-content?contentId=16238
231,GE,US,oven_range,FF,The electronic oven control needs replacement.,electronic control,control_board,stop_failure,manufacturer_listing,GE Appliances Support — Range & Wall Oven Error/Fault/Function Codes,https://products.geappliances.com/appliance/gea-support-search-content?contentId=16238
416,Hoover,UK,washer,E00,A control module (EEPROM or main board) fault was detected.,control board,control_board,stop_failure,aggregator_listing,Whitegoods Help — Hoover Washing Machine Error Codes,https://www.whitegoodshelp.co.uk/hoover-washing-machine-error-codes/
417,Hoover,UK,washer,E01,The door lock (or drum-brake safety device on older collector-motor models) is not engaging correctly.,door interlock,door_lock,stop_failure,aggregator_listing,Whitegoods Help — Hoover Washing Machine Error Codes,https://www.whitegoodshelp.co.uk/hoover-washing-machine-error-codes/
418,Hoover,UK,washer,E02,The machine is not filling within the expected time.,water inlet valve,water_supply,stop_failure,aggregator_listing,Whitegoods Help — Hoover Washing Machine Error Codes,https://www.whitegoodshelp.co.uk/hoover-washing-machine-error-codes/
419,Hoover,UK,washer,E03,The machine is not draining within the expected time.,drain pump,drainage,stop_failure,aggregator_listing,Whitegoods Help — Hoover Washing Machine Error Codes,https://www.whitegoodshelp.co.uk/hoover-washing-machine-error-codes/
420,Hoover,UK,washer,E04,The NTC temperature sensor is not reading correctly.,NTC thermistor,sensor,degraded,aggregator_listing,Whitegoods Help — Hoover Washing Machine Error Codes,https://www.whitegoodshelp.co.uk/hoover-washing-machine-error-codes/
421,Hoover,UK,washer,E05,A heating circuit fault in the element or relay was detected.,heating element,heating,degraded,aggregator_listing,Whitegoods Help — Hoover Washing Machine Error Codes,https://www.whitegoodshelp.co.uk/hoover-washing-machine-error-codes/
422,Hoover,UK,washer,E06,The motor tachometer or speed sensor is not reading correctly.,motor speed sensor,motor,degraded,aggregator_listing,Whitegoods Help — Hoover Washing Machine Error Codes,https://www.whitegoodshelp.co.uk/hoover-washing-machine-error-codes/
423,Hoover,UK,washer,E07,"A door lock fault on newer models, or a motor-triac fault on older ones.",door interlock,door_lock,degraded,aggregator_listing,Whitegoods Help — Hoover Washing Machine Error Codes,https://www.whitegoodshelp.co.uk/hoover-washing-machine-error-codes/
424,Hoover,UK,washer,E08,A motor speed sensor (tachometer) fault was detected.,motor speed sensor,motor,degraded,aggregator_listing,Whitegoods Help — Hoover Washing Machine Error Codes,https://www.whitegoodshelp.co.uk/hoover-washing-machine-error-codes/
425,Hoover,UK,washer,E09,A triac fault on the control board (or motor/drum fault on older collector-motor models).,control board triac,control_board,degraded,aggregator_listing,Whitegoods Help — Hoover Washing Machine Error Codes,https://www.whitegoodshelp.co.uk/hoover-washing-machine-error-codes/
426,Hoover,UK,washer,E10,A communication or board error was detected.,control board,communication,degraded,aggregator_listing,Whitegoods Help — Hoover Washing Machine Error Codes,https://www.whitegoodshelp.co.uk/hoover-washing-machine-error-codes/
427,Hoover,UK,washer,E11,A fill timeout variant (or internal communication fault on older models).,water inlet valve,water_supply,degraded,aggregator_listing,Whitegoods Help — Hoover Washing Machine Error Codes,https://www.whitegoodshelp.co.uk/hoover-washing-machine-error-codes/
428,Hoover,UK,washer,E12,A motor driver fault was detected.,motor driver circuit,motor,degraded,aggregator_listing,Whitegoods Help — Hoover Washing Machine Error Codes,https://www.whitegoodshelp.co.uk/hoover-washing-machine-error-codes/
429,Hoover,UK,washer,E13,A pressure switch or water-level sensor fault was detected.,pressure switch,sensor,degraded,aggregator_listing,Whitegoods Help — Hoover Washing Machine Error Codes,https://www.whitegoodshelp.co.uk/hoover-washing-machine-error-codes/
430,Hoover,UK,washer,E14,A secondary pressure-switch reading is incorrect.,pressure switch,sensor,degraded,aggregator_listing,Whitegoods Help — Hoover Washing Machine Error Codes,https://www.whitegoodshelp.co.uk/hoover-washing-machine-error-codes/
431,Hoover,UK,washer,E15,The motor is drawing excessive current.,drive motor,motor,stop_failure,aggregator_listing,Whitegoods Help — Hoover Washing Machine Error Codes,https://www.whitegoodshelp.co.uk/hoover-washing-machine-error-codes/
432,Hoover,UK,washer,E16,An inverter or motor driver board fault was detected.,inverter board,motor,degraded,aggregator_listing,Whitegoods Help — Hoover Washing Machine Error Codes,https://www.whitegoodshelp.co.uk/hoover-washing-machine-error-codes/
433,Hoover,UK,washer,E17,Overheating: the water temperature is too high.,NTC thermistor,temperature,stop_failure,aggregator_listing,Whitegoods Help — Hoover Washing Machine Error Codes,https://www.whitegoodshelp.co.uk/hoover-washing-machine-error-codes/
434,Hoover,UK,washer,E18,A secondary temperature-sensor reading error was detected.,NTC thermistor,sensor,degraded,aggregator_listing,Whitegoods Help — Hoover Washing Machine Error Codes,https://www.whitegoodshelp.co.uk/hoover-washing-machine-error-codes/
435,Hoover,UK,washer,E19,An internal data bus communication error was detected.,control board,communication,degraded,aggregator_listing,Whitegoods Help — Hoover Washing Machine Error Codes,https://www.whitegoodshelp.co.uk/hoover-washing-machine-error-codes/
436,Hoover,UK,washer,E20,Overspeed: the drum is spinning faster than expected.,inverter board,motor,stop_failure,aggregator_listing,Whitegoods Help — Hoover Washing Machine Error Codes,https://www.whitegoodshelp.co.uk/hoover-washing-machine-error-codes/
437,Hoover,UK,washer,E21,Incorrect current was detected in the motor circuit.,drive motor,motor,degraded,aggregator_listing,Whitegoods Help — Hoover Washing Machine Error Codes,https://www.whitegoodshelp.co.uk/hoover-washing-machine-error-codes/
438,Hoover,UK,washer,E22,A motor driver fault variant was detected.,inverter board,motor,degraded,aggregator_listing,Whitegoods Help — Hoover Washing Machine Error Codes,https://www.whitegoodshelp.co.uk/hoover-washing-machine-error-codes/
320,Hotpoint,UK,washer,F01,The electronic control board is not operating correctly.,control board,control_board,stop_failure,aggregator_listing,Whitegoods Help — Hotpoint Washing Machine Error Codes,https://www.whitegoodshelp.co.uk/hotpoint-washing-machine-error-codes/
321,Hotpoint,UK,washer,F02,A motor circuit fault affecting drum rotation was detected.,drive motor,motor,stop_failure,aggregator_listing,Whitegoods Help — Hotpoint Washing Machine Error Codes,https://www.whitegoodshelp.co.uk/hotpoint-washing-machine-error-codes/
322,Hotpoint,UK,washer,F03,The NTC temperature sensor is not reading correctly.,NTC thermistor,sensor,degraded,aggregator_listing,Whitegoods Help — Hotpoint Washing Machine Error Codes,https://www.whitegoodshelp.co.uk/hotpoint-washing-machine-error-codes/
323,Hotpoint,UK,washer,F05,The machine is unable to drain its waste water.,drain pump,drainage,stop_failure,aggregator_listing,Whitegoods Help — Hotpoint Washing Machine Error Codes,https://www.whitegoodshelp.co.uk/hotpoint-washing-machine-error-codes/
324,Hotpoint,UK,washer,F06,"The drum is not rotating, from a motor or brush fault.",motor brushes,motor,stop_failure,aggregator_listing,Whitegoods Help — Hotpoint Washing Machine Error Codes,https://www.whitegoodshelp.co.uk/hotpoint-washing-machine-error-codes/
325,Hotpoint,UK,washer,F07,A pressure-switch or water-level fault was detected.,pressure switch,sensor,degraded,aggregator_listing,Whitegoods Help — Hotpoint Washing Machine Error Codes,https://www.whitegoodshelp.co.uk/hotpoint-washing-machine-error-codes/
326,Hotpoint,UK,washer,F08,The heater relay cannot activate or is stuck; heater and pressure-switch connections are implicated.,heating relay,heating,stop_failure,aggregator_listing,Whitegoods Help — Hotpoint Washing Machine Error Codes,https://www.whitegoodshelp.co.uk/hotpoint-washing-machine-error-codes/
327,Hotpoint,UK,washer,F09,An overheating or heating-relay fault was detected.,heating relay,heating,degraded,aggregator_listing,Whitegoods Help — Hotpoint Washing Machine Error Codes,https://www.whitegoodshelp.co.uk/hotpoint-washing-machine-error-codes/
328,Hotpoint,UK,washer,F10,A cold-fill or motor-control fault was detected.,water inlet valve,water_supply,degraded,aggregator_listing,Whitegoods Help — Hotpoint Washing Machine Error Codes,https://www.whitegoodshelp.co.uk/hotpoint-washing-machine-error-codes/
329,Hotpoint,UK,washer,F11,No hot fill on dual-inlet machines.,hot inlet valve,water_supply,degraded,aggregator_listing,Whitegoods Help — Hotpoint Washing Machine Error Codes,https://www.whitegoodshelp.co.uk/hotpoint-washing-machine-error-codes/
330,Hotpoint,UK,washer,F12,No mixed fill on dual-inlet machines.,inlet valves,water_supply,degraded,aggregator_listing,Whitegoods Help — Hotpoint Washing Machine Error Codes,https://www.whitegoodshelp.co.uk/hotpoint-washing-machine-error-codes/
331,Hotpoint,UK,washer,F13,A water-supply or inlet-valve fault was detected.,water inlet valve,water_supply,degraded,aggregator_listing,Whitegoods Help — Hotpoint Washing Machine Error Codes,https://www.whitegoodshelp.co.uk/hotpoint-washing-machine-error-codes/
332,Hotpoint,UK,washer,F14,The pressure switch is jammed reading empty.,pressure switch,sensor,degraded,aggregator_listing,Whitegoods Help — Hotpoint Washing Machine Error Codes,https://www.whitegoodshelp.co.uk/hotpoint-washing-machine-error-codes/
333,Hotpoint,UK,washer,F15,An electronic control board fault was detected on specific models.,control board,control_board,degraded,aggregator_listing,Whitegoods Help — Hotpoint Washing Machine Error Codes,https://www.whitegoodshelp.co.uk/hotpoint-washing-machine-error-codes/
334,Hotpoint,UK,washer,F16,A door lock fault was detected on specific models.,door interlock,door_lock,degraded,aggregator_listing,Whitegoods Help — Hotpoint Washing Machine Error Codes,https://www.whitegoodshelp.co.uk/hotpoint-washing-machine-error-codes/
335,Hotpoint,UK,washer,F17,A water-level fault was detected.,pressure switch,sensor,degraded,aggregator_listing,Whitegoods Help — Hotpoint Washing Machine Error Codes,https://www.whitegoodshelp.co.uk/hotpoint-washing-machine-error-codes/
336,Hotpoint,UK,washer,F18,A drain pump fault was detected on specific models.,drain pump,drainage,stop_failure,aggregator_listing,Whitegoods Help — Hotpoint Washing Machine Error Codes,https://www.whitegoodshelp.co.uk/hotpoint-washing-machine-error-codes/
337,Indesit,UK,washer,F01,The electronic control board is not operating correctly.,control board,control_board,stop_failure,aggregator_listing,Whitegoods Help — Indesit Washing Machine Error Codes,https://www.whitegoodshelp.co.uk/indesit-washing-machine-error-codes/
338,Indesit,UK,washer,F02,A motor circuit fault affecting drum rotation was detected.,drive motor,motor,stop_failure,aggregator_listing,Whitegoods Help — Indesit Washing Machine Error Codes,https://www.whitegoodshelp.co.uk/indesit-washing-machine-error-codes/
339,Indesit,UK,washer,F03,The NTC temperature sensor is not reading correctly.,NTC thermistor,sensor,degraded,aggregator_listing,Whitegoods Help — Indesit Washing Machine Error Codes,https://www.whitegoodshelp.co.uk/indesit-washing-machine-error-codes/
340,Indesit,UK,washer,F04,The pressure switch registers no water or an incorrect level.,pressure switch,sensor,degraded,aggregator_listing,Whitegoods Help — Indesit Washing Machine Error Codes,https://www.whitegoodshelp.co.uk/indesit-washing-machine-error-codes/
341,Indesit,UK,washer,F05,The machine is unable to drain its waste water.,drain pump,drainage,stop_failure,aggregator_listing,Whitegoods Help — Indesit Washing Machine Error Codes,https://www.whitegoodshelp.co.uk/indesit-washing-machine-error-codes/
342,Indesit,UK,washer,F06,"The drum is not rotating, from a motor or brush fault.",motor brushes,motor,stop_failure,aggregator_listing,Whitegoods Help — Indesit Washing Machine Error Codes,https://www.whitegoodshelp.co.uk/indesit-washing-machine-error-codes/
343,Indesit,UK,washer,F07,A tachogenerator or motor speed-sensor fault was detected.,tachogenerator,sensor,degraded,aggregator_listing,Whitegoods Help — Indesit Washing Machine Error Codes,https://www.whitegoodshelp.co.uk/indesit-washing-machine-error-codes/
344,Indesit,UK,washer,F08,The heater relay cannot activate or is stuck; heater and pressure-switch connections are implicated.,heating relay,heating,stop_failure,aggregator_listing,Whitegoods Help — Indesit Washing Machine Error Codes,https://www.whitegoodshelp.co.uk/indesit-washing-machine-error-codes/
345,Indesit,UK,washer,F09,An overheating or heating-relay fault was detected.,heating element,heating,degraded,aggregator_listing,Whitegoods Help — Indesit Washing Machine Error Codes,https://www.whitegoodshelp.co.uk/indesit-washing-machine-error-codes/
346,Indesit,UK,washer,F10,"A fill or motor-control fault was detected, varying by model generation.",water inlet valve,water_supply,degraded,aggregator_listing,Whitegoods Help — Indesit Washing Machine Error Codes,https://www.whitegoodshelp.co.uk/indesit-washing-machine-error-codes/
347,Indesit,UK,washer,F11,No hot fill on dual-inlet machines.,hot inlet valve,water_supply,degraded,aggregator_listing,Whitegoods Help — Indesit Washing Machine Error Codes,https://www.whitegoodshelp.co.uk/indesit-washing-machine-error-codes/
348,Indesit,UK,washer,F12,No mixed fill on dual-inlet machines.,inlet valves,water_supply,degraded,aggregator_listing,Whitegoods Help — Indesit Washing Machine Error Codes,https://www.whitegoodshelp.co.uk/indesit-washing-machine-error-codes/
349,Indesit,UK,washer,F13,A water-supply or inlet-valve fault was detected.,water inlet valve,water_supply,degraded,aggregator_listing,Whitegoods Help — Indesit Washing Machine Error Codes,https://www.whitegoodshelp.co.uk/indesit-washing-machine-error-codes/
350,Indesit,UK,washer,F15,An electronic control board fault was detected on specific models.,control board,control_board,degraded,aggregator_listing,Whitegoods Help — Indesit Washing Machine Error Codes,https://www.whitegoodshelp.co.uk/indesit-washing-machine-error-codes/
351,Indesit,UK,washer,F16,A door lock fault was detected on specific models.,door interlock,door_lock,degraded,aggregator_listing,Whitegoods Help — Indesit Washing Machine Error Codes,https://www.whitegoodshelp.co.uk/indesit-washing-machine-error-codes/
352,Indesit,UK,washer,F17,The pressure switch is reading an abnormal water level.,pressure switch,sensor,degraded,aggregator_listing,Whitegoods Help — Indesit Washing Machine Error Codes,https://www.whitegoodshelp.co.uk/indesit-washing-machine-error-codes/
353,Indesit,UK,washer,F18,A drain pump fault was detected on specific models.,drain pump,drainage,stop_failure,aggregator_listing,Whitegoods Help — Indesit Washing Machine Error Codes,https://www.whitegoodshelp.co.uk/indesit-washing-machine-error-codes/
48,LG,US,dishwasher,BE,Excess suds formed from the wrong detergent or an unlevel installation.,detergent system,suds,degraded,manufacturer_listing,LG USA Support — Dishwasher Error Code List,https://www.lg.com/us/support/help-library/lg-dishwasher-error-code-list--20150933422943
55,LG,US,dishwasher,CL,The child-lock or control-lock feature is engaged.,control panel,informational,informational,manufacturer_listing,LG USA Support — Dishwasher Error Code List,https://www.lg.com/us/support/help-library/lg-dishwasher-error-code-list--20150933422943
47,LG,US,dishwasher,E1,Overfill or leak protection was triggered by the flow switch.,flow switch,leak,stop_failure,manufacturer_listing,LG USA Support — Dishwasher Error Code List,https://www.lg.com/us/support/help-library/lg-dishwasher-error-code-list--20150933422943
50,LG,US,dishwasher,FE,The tub filled beyond the safe level and drained automatically.,water inlet valve,water_supply,stop_failure,manufacturer_listing,LG USA Support — Dishwasher Error Code List,https://www.lg.com/us/support/help-library/lg-dishwasher-error-code-list--20150933422943
51,LG,US,dishwasher,HE,A water-heating fault was detected.,heating element,heating,degraded,manufacturer_listing,LG USA Support — Dishwasher Error Code List,https://www.lg.com/us/support/help-library/lg-dishwasher-error-code-list--20150933422943
45,LG,US,dishwasher,IE,Insufficient water reached the tub within the fill window.,water inlet valve,water_supply,stop_failure,manufacturer_listing,LG USA Support — Dishwasher Error Code List,https://www.lg.com/us/support/help-library/lg-dishwasher-error-code-list--20150933422943
49,LG,US,dishwasher,LE,A drive-motor fault or wiring-harness problem was detected.,wash motor,motor,stop_failure,manufacturer_listing,LG USA Support — Dishwasher Error Code List,https://www.lg.com/us/support/help-library/lg-dishwasher-error-code-list--20150933422943
52,LG,US,dishwasher,NE,The vario motor that diverts water to the spray arms is faulty.,vario motor,motor,stop_failure,manufacturer_listing,LG USA Support — Dishwasher Error Code List,https://www.lg.com/us/support/help-library/lg-dishwasher-error-code-list--20150933422943
46,LG,US,dishwasher,OE,The tub did not empty properly during the drain phase.,drain pump,drainage,stop_failure,manufacturer_listing,LG USA Support — Dishwasher Error Code List,https://www.lg.com/us/support/help-library/lg-dishwasher-error-code-list--20150933422943
53,LG,US,dishwasher,PF,A power failure occurred during the cycle.,control board,power,informational,manufacturer_listing,LG USA Support — Dishwasher Error Code List,https://www.lg.com/us/support/help-library/lg-dishwasher-error-code-list--20150933422943
54,LG,US,dishwasher,TE,Water temperature exceeded the safe limit or the thermistor is faulty.,thermistor,temperature,degraded,manufacturer_listing,LG USA Support — Dishwasher Error Code List,https://www.lg.com/us/support/help-library/lg-dishwasher-error-code-list--20150933422943
16,LG,US,dryer,D80,Airflow through the exhaust duct is restricted by roughly eighty percent.,exhaust duct,ventilation,degraded,manufacturer_listing,LG USA Support — Dryer Error Code List,https://www.lg.com/us/support/help-library/lg-dryer-error-code-list--20152310891742
15,LG,US,dryer,D90,Airflow through the exhaust duct is restricted by roughly ninety percent.,exhaust duct,ventilation,degraded,manufacturer_listing,LG USA Support — Dryer Error Code List,https://www.lg.com/us/support/help-library/lg-dryer-error-code-list--20152310891742
19,LG,US,dryer,DE,The door is not fully closed or is obstructed.,door,door_lock,degraded,manufacturer_listing,LG USA Support — Dryer Error Code List,https://www.lg.com/us/support/help-library/lg-dryer-error-code-list--20152310891742
27,LG,US,dryer,E05,A water-supply problem affected the steam cycle.,water inlet valve,water_supply,degraded,manufacturer_listing,LG USA Support — Dryer Error Code List,https://www.lg.com/us/support/help-library/lg-dryer-error-code-list--20152310891742
20,LG,US,dryer,E13,"The drain hose is kinked or clogged, or sump water has frozen on condensing models.",drain hose,drainage,stop_failure,manufacturer_listing,LG USA Support — Dryer Error Code List,https://www.lg.com/us/support/help-library/lg-dryer-error-code-list--20152310891742
28,LG,US,dryer,E21,Tub drainage took too long on condensing or steam models.,drain pump,drainage,stop_failure,manufacturer_listing,LG USA Support — Dryer Error Code List,https://www.lg.com/us/support/help-library/lg-dryer-error-code-list--20152310891742
21,LG,US,dryer,F0,The lint filter is missing or not seated correctly.,lint filter housing,ventilation,degraded,manufacturer_listing,LG USA Support — Dryer Error Code List,https://www.lg.com/us/support/help-library/lg-dryer-error-code-list--20152310891742
26,LG,US,dryer,GAS,No gas supply is reaching the burner on gas models.,gas valve,gas,stop_failure,manufacturer_listing,LG USA Support — Dryer Error Code List,https://www.lg.com/us/support/help-library/lg-dryer-error-code-list--20152310891742
22,LG,US,dryer,HS,"The moisture (humidity) sensor is faulty, extending drying time.",humidity sensor,sensor,degraded,manufacturer_listing,LG USA Support — Dryer Error Code List,https://www.lg.com/us/support/help-library/lg-dryer-error-code-list--20152310891742
17,LG,US,dryer,NP,"No current is being sensed at the heater, usually a home wiring or supply issue.",heater circuit,power,stop_failure,manufacturer_listing,LG USA Support — Dryer Error Code List,https://www.lg.com/us/support/help-library/lg-dryer-error-code-list--20152310891742
23,LG,US,dryer,PF,Power to the dryer was interrupted and a reset is required.,control board,power,informational,manufacturer_listing,LG USA Support — Dryer Error Code List,https://www.lg.com/us/support/help-library/lg-dryer-error-code-list--20152310891742
18,LG,US,dryer,PS,"Improper voltage at the power cord, typically from reversed terminal wiring.",power cord and terminal block,power,stop_failure,manufacturer_listing,LG USA Support — Dryer Error Code List,https://www.lg.com/us/support/help-library/lg-dryer-error-code-list--20152310891742
24,LG,US,dryer,TE1,The primary temperature thermistor is reporting a fault.,thermistor,temperature,degraded,manufacturer_listing,LG USA Support — Dryer Error Code List,https://www.lg.com/us/support/help-library/lg-dryer-error-code-list--20152310891742
25,LG,US,dryer,TE3,A secondary temperature thermistor is reporting a fault.,thermistor,temperature,degraded,manufacturer_listing,LG USA Support — Dryer Error Code List,https://www.lg.com/us/support/help-library/lg-dryer-error-code-list--20152310891742
202,LG,US,oven_range,5B,Sabbath mode is active.,control system,informational,informational,manufacturer_listing,LG USA Support — Range Error Codes List,https://www.lg.com/us/support/help-library/lg-range-error-codes-list--20150154166283
203,LG,US,oven_range,F1,The upper oven thermistor is reporting a fault.,oven thermistor,sensor,degraded,manufacturer_listing,LG USA Support — Range Error Codes List,https://www.lg.com/us/support/help-library/lg-range-error-codes-list--20150154166283
211,LG,US,oven_range,F10,The upper oven door locking system failed.,door lock,door_lock,stop_failure,manufacturer_listing,LG USA Support — Range Error Codes List,https://www.lg.com/us/support/help-library/lg-range-error-codes-list--20150154166283
212,LG,US,oven_range,F16,An oven sensor fault was detected.,oven sensor,sensor,degraded,manufacturer_listing,LG USA Support — Range Error Codes List,https://www.lg.com/us/support/help-library/lg-range-error-codes-list--20150154166283
204,LG,US,oven_range,F2,The upper oven thermistor is reporting a fault.,oven thermistor,sensor,degraded,manufacturer_listing,LG USA Support — Range Error Codes List,https://www.lg.com/us/support/help-library/lg-range-error-codes-list--20150154166283
205,LG,US,oven_range,F3,A touch pad sensor key error was detected.,touch pad,control_board,degraded,manufacturer_listing,LG USA Support — Range Error Codes List,https://www.lg.com/us/support/help-library/lg-range-error-codes-list--20150154166283
213,LG,US,oven_range,F33,The front induction burner temperature sensor is faulty.,induction sensor,sensor,degraded,manufacturer_listing,LG USA Support — Range Error Codes List,https://www.lg.com/us/support/help-library/lg-range-error-codes-list--20150154166283
206,LG,US,oven_range,F4,The lower oven thermistor is reporting a fault.,oven thermistor,sensor,degraded,manufacturer_listing,LG USA Support — Range Error Codes List,https://www.lg.com/us/support/help-library/lg-range-error-codes-list--20150154166283
214,LG,US,oven_range,F42,A voltage error was detected.,power supply,power,degraded,manufacturer_listing,LG USA Support — Range Error Codes List,https://www.lg.com/us/support/help-library/lg-range-error-codes-list--20150154166283
215,LG,US,oven_range,F51,The griddle sensor is reporting a fault.,griddle sensor,sensor,degraded,manufacturer_listing,LG USA Support — Range Error Codes List,https://www.lg.com/us/support/help-library/lg-range-error-codes-list--20150154166283
216,LG,US,oven_range,F56,A griddle heating error was detected.,griddle element,heating,degraded,manufacturer_listing,LG USA Support — Range Error Codes List,https://www.lg.com/us/support/help-library/lg-range-error-codes-list--20150154166283
207,LG,US,oven_range,F6,An upper oven heating error was detected.,heating element,heating,stop_failure,manufacturer_listing,LG USA Support — Range Error Codes List,https://www.lg.com/us/support/help-library/lg-range-error-codes-list--20150154166283
217,LG,US,oven_range,F69,The sous vide function is not heating properly.,sous vide element,heating,degraded,manufacturer_listing,LG USA Support — Range Error Codes List,https://www.lg.com/us/support/help-library/lg-range-error-codes-list--20150154166283
208,LG,US,oven_range,F7,The upper convection fan is reporting a fault.,convection fan,fan,degraded,manufacturer_listing,LG USA Support — Range Error Codes List,https://www.lg.com/us/support/help-library/lg-range-error-codes-list--20150154166283
209,LG,US,oven_range,F8,The oven meat probe is reporting a fault.,meat probe,sensor,degraded,manufacturer_listing,LG USA Support — Range Error Codes List,https://www.lg.com/us/support/help-library/lg-range-error-codes-list--20150154166283
210,LG,US,oven_range,F9,The upper oven is not heating properly.,heating system,heating,stop_failure,manufacturer_listing,LG USA Support — Range Error Codes List,https://www.lg.com/us/support/help-library/lg-range-error-codes-list--20150154166283
200,LG,US,oven_range,H5,The cooktop surface temperature is above 150 degrees Fahrenheit.,cooktop temperature sensor,temperature,informational,manufacturer_listing,LG USA Support — Range Error Codes List,https://www.lg.com/us/support/help-library/lg-range-error-codes-list--20150154166283
201,LG,US,oven_range,PF,Power to the range was interrupted.,control board,power,informational,manufacturer_listing,LG USA Support — Range Error Codes List,https://www.lg.com/us/support/help-library/lg-range-error-codes-list--20150154166283
32,LG,US,refrigerator,22,A fault was detected in the compressor relay.,compressor relay,compressor,stop_failure,manufacturer_listing,LG USA Support — Refrigerator Error Code List,https://www.lg.com/us/support/help-library/lg-refrigerator-error-code-list--1441392048805
33,LG,US,refrigerator,67,A door is ajar or an object is preventing it from closing.,door seal,door_lock,degraded,manufacturer_listing,LG USA Support — Refrigerator Error Code List,https://www.lg.com/us/support/help-library/lg-refrigerator-error-code-list--1441392048805
31,LG,US,refrigerator,CF,The condenser discharge-fan feedback signal fell below its threshold.,condenser fan,fan,degraded,manufacturer_listing,LG USA Support — Refrigerator Error Code List,https://www.lg.com/us/support/help-library/lg-refrigerator-error-code-list--1441392048805
29,LG,US,refrigerator,CHE,A high-side refrigerant leak or restriction was detected.,condenser and refrigerant line,refrigerant,stop_failure,manufacturer_listing,LG USA Support — Refrigerator Error Code List,https://www.lg.com/us/support/help-library/lg-refrigerator-error-code-list--1441392048805
30,LG,US,refrigerator,CLE,A low-side refrigerant leak was detected.,evaporator and refrigerant line,refrigerant,stop_failure,manufacturer_listing,LG USA Support — Refrigerator Error Code List,https://www.lg.com/us/support/help-library/lg-refrigerator-error-code-list--1441392048805
34,LG,US,refrigerator,CO,A communication fault occurred between the main board and the display.,control board,communication,degraded,manufacturer_listing,LG USA Support — Refrigerator Error Code List,https://www.lg.com/us/support/help-library/lg-refrigerator-error-code-list--1441392048805
35,LG,US,refrigerator,DH,A defrost cycle ran beyond one hour without completing.,defrost heater,defrost,degraded,manufacturer_listing,LG USA Support — Refrigerator Error Code List,https://www.lg.com/us/support/help-library/lg-refrigerator-error-code-list--1441392048805
36,LG,US,refrigerator,DS,The defrost sensor is open or shorted.,defrost sensor,sensor,degraded,manufacturer_listing,LG USA Support — Refrigerator Error Code List,https://www.lg.com/us/support/help-library/lg-refrigerator-error-code-list--1441392048805
37,LG,US,refrigerator,FF,"The freezer fan is faulty, often from frost buildup.",freezer fan,fan,degraded,manufacturer_listing,LG USA Support — Refrigerator Error Code List,https://www.lg.com/us/support/help-library/lg-refrigerator-error-code-list--1441392048805
38,LG,US,refrigerator,FS,The freezer temperature sensor is open or shorted.,freezer sensor,sensor,degraded,manufacturer_listing,LG USA Support — Refrigerator Error Code List,https://www.lg.com/us/support/help-library/lg-refrigerator-error-code-list--1441392048805
39,LG,US,refrigerator,GF,The water flow sensor is faulty or the supply pressure is low.,flow sensor,water_supply,degraded,manufacturer_listing,LG USA Support — Refrigerator Error Code List,https://www.lg.com/us/support/help-library/lg-refrigerator-error-code-list--1441392048805
43,LG,US,refrigerator,HS,The humidity sensor is open or shorted.,humidity sensor,sensor,degraded,manufacturer_listing,LG USA Support — Refrigerator Error Code List,https://www.lg.com/us/support/help-library/lg-refrigerator-error-code-list--1441392048805
44,LG,US,refrigerator,IF,The ice-maker fan is faulty.,ice maker fan,ice_maker,degraded,manufacturer_listing,LG USA Support — Refrigerator Error Code List,https://www.lg.com/us/support/help-library/lg-refrigerator-error-code-list--1441392048805
40,LG,US,refrigerator,RF,The refrigerator compartment fan motor is faulty.,refrigerator fan,fan,degraded,manufacturer_listing,LG USA Support — Refrigerator Error Code List,https://www.lg.com/us/support/help-library/lg-refrigerator-error-code-list--1441392048805
41,LG,US,refrigerator,RS,The refrigerator temperature sensor is open or shorted.,refrigerator sensor,sensor,degraded,manufacturer_listing,LG USA Support — Refrigerator Error Code List,https://www.lg.com/us/support/help-library/lg-refrigerator-error-code-list--1441392048805
42,LG,US,refrigerator,RT,The ambient room-temperature sensor is open or shorted.,ambient sensor,sensor,degraded,manufacturer_listing,LG USA Support — Refrigerator Error Code List,https://www.lg.com/us/support/help-library/lg-refrigerator-error-code-list--1441392048805
6,LG,US,washer,CE,An over-current condition was detected in the motor drive circuit.,motor control board,motor,stop_failure,manufacturer_listing,LG USA Support — Washer Error Code List,https://www.lg.com/us/support/help-library/lg-washer-error-code-list--20150140270078
5,LG,US,washer,DE,The door could not be confirmed locked before the cycle started.,door lock assembly,door_lock,stop_failure,manufacturer_listing,LG USA Support — Washer Error Code List,https://www.lg.com/us/support/help-library/lg-washer-error-code-list--20150140270078
13,LG,US,washer,DL,The door-latch switch is not reading the door as closed.,door latch switch,door_lock,stop_failure,manufacturer_listing,LG USA Support — Washer Error Code List,https://www.lg.com/us/support/help-library/lg-washer-error-code-list--20150140270078
12,LG,US,washer,E6,A foreign object or jam was detected between the drum and the pulsator.,clutch and drum,motor,degraded,manufacturer_listing,LG USA Support — Washer Error Code List,https://www.lg.com/us/support/help-library/lg-washer-error-code-list--20150140270078
8,LG,US,washer,FE,"Water rose past the safe threshold, indicating an overfill.",water inlet valve,water_supply,stop_failure,manufacturer_listing,LG USA Support — Washer Error Code List,https://www.lg.com/us/support/help-library/lg-washer-error-code-list--20150140270078
1,LG,US,washer,IE,"Water did not reach the required level within the fill window, indicating an inadequate supply.",water inlet valve,water_supply,stop_failure,manufacturer_listing,LG USA Support — Washer Error Code List,https://www.lg.com/us/support/help-library/lg-washer-error-code-list--20150140270078
4,LG,US,washer,LE,Motor overload protection tripped after the drive motor stalled or locked.,drive motor,motor,stop_failure,manufacturer_listing,LG USA Support — Washer Error Code List,https://www.lg.com/us/support/help-library/lg-washer-error-code-list--20150140270078
2,LG,US,washer,OE,Water was not expelled from the tub within the expected drain window.,drain pump,drainage,stop_failure,manufacturer_listing,LG USA Support — Washer Error Code List,https://www.lg.com/us/support/help-library/lg-washer-error-code-list--20150140270078
9,LG,US,washer,PE,The water-level pressure sensor reported a reading outside its valid range.,water level sensor,sensor,degraded,manufacturer_listing,LG USA Support — Washer Error Code List,https://www.lg.com/us/support/help-library/lg-washer-error-code-list--20150140270078
10,LG,US,washer,PF,Power to the washer was interrupted during a running cycle.,control board,power,informational,manufacturer_listing,LG USA Support — Washer Error Code List,https://www.lg.com/us/support/help-library/lg-washer-error-code-list--20150140270078
7,LG,US,washer,SUD,Excess foam was detected and the wash paused to disperse it.,detergent system,suds,degraded,manufacturer_listing,LG USA Support — Washer Error Code List,https://www.lg.com/us/support/help-library/lg-washer-error-code-list--20150140270078
14,LG,US,washer,TCL,Maintenance reminder that the tub-clean cycle is due.,tub,informational,informational,manufacturer_listing,LG USA Support — Washer Error Code List,https://www.lg.com/us/support/help-library/lg-washer-error-code-list--20150140270078
11,LG,US,washer,TE,The water-heating circuit or its thermistor is out of range.,thermistor,temperature,degraded,manufacturer_listing,LG USA Support — Washer Error Code List,https://www.lg.com/us/support/help-library/lg-washer-error-code-list--20150140270078
3,LG,US,washer,UE,The drum could not balance the load well enough to spin safely.,drum suspension,unbalanced,degraded,manufacturer_listing,LG USA Support — Washer Error Code List,https://www.lg.com/us/support/help-library/lg-washer-error-code-list--20150140270078
146,Maytag,US,washer,DET,No detergent cartridge is detected in the dispenser.,detergent dispenser,dispenser,degraded,manufacturer_listing,Maytag Product Help — Error Codes in Front Load Washers,https://producthelp.maytag.com/Laundry/Washers/Product_Info/Washer_Product_Assistance/Error_Codes_in_Front_Load_Washers
155,Maytag,US,washer,DRN,The washer is not draining properly.,drain pump,drainage,stop_failure,manufacturer_listing,Maytag Product Help — Error Codes in Top Load HE Washers,https://producthelp.maytag.com/Laundry/Washers/Product_Info/Washer_Product_Assistance/Error_Codes_in_Top_Load_HE_Washers
150,Maytag,US,washer,F5E2,The door is not locking properly.,door lock assembly,door_lock,stop_failure,manufacturer_listing,Maytag Product Help — Error Codes in Front Load Washers,https://producthelp.maytag.com/Laundry/Washers/Product_Info/Washer_Product_Assistance/Error_Codes_in_Front_Load_Washers
151,Maytag,US,washer,F7E1,A motor speed-sensing error was detected.,drive motor,motor,stop_failure,manufacturer_listing,Maytag Product Help — Error Codes in Front Load Washers,https://producthelp.maytag.com/Laundry/Washers/Product_Info/Washer_Product_Assistance/Error_Codes_in_Front_Load_Washers
152,Maytag,US,washer,F8E1,The washer senses a low flow of water during fill.,water inlet valve,water_supply,stop_failure,manufacturer_listing,Maytag Product Help — Error Codes in Front Load Washers,https://producthelp.maytag.com/Laundry/Washers/Product_Info/Washer_Product_Assistance/Error_Codes_in_Front_Load_Washers
153,Maytag,US,washer,F8E2,A problem was detected with the dispenser system.,detergent dispenser,dispenser,degraded,manufacturer_listing,Maytag Product Help — Error Codes in Front Load Washers,https://producthelp.maytag.com/Laundry/Washers/Product_Info/Washer_Product_Assistance/Error_Codes_in_Front_Load_Washers
154,Maytag,US,washer,F9E1,Draining is taking longer than expected (over about eight minutes).,drain pump,drainage,stop_failure,manufacturer_listing,Maytag Product Help — Error Codes in Front Load Washers,https://producthelp.maytag.com/Laundry/Washers/Product_Info/Washer_Product_Assistance/Error_Codes_in_Front_Load_Washers
156,Maytag,US,washer,HC,The hot and cold inlet hoses are connected in reverse.,inlet hoses,water_supply,degraded,manufacturer_listing,Maytag Product Help — Error Codes in Top Load HE Washers,https://producthelp.maytag.com/Laundry/Washers/Product_Info/Washer_Product_Assistance/Error_Codes_in_Top_Load_HE_Washers
147,Maytag,US,washer,INT,The cycle was paused or cancelled.,control system,informational,informational,manufacturer_listing,Maytag Product Help — Error Codes in Front Load Washers,https://producthelp.maytag.com/Laundry/Washers/Product_Info/Washer_Product_Assistance/Error_Codes_in_Front_Load_Washers
157,Maytag,US,washer,LDL,The lid is not locking.,lid lock,door_lock,stop_failure,manufacturer_listing,Maytag Product Help — Error Codes in Top Load HE Washers,https://producthelp.maytag.com/Laundry/Washers/Product_Info/Washer_Product_Assistance/Error_Codes_in_Top_Load_HE_Washers
158,Maytag,US,washer,LDU,The lid cannot unlock.,lid lock,door_lock,degraded,manufacturer_listing,Maytag Product Help — Error Codes in Top Load HE Washers,https://producthelp.maytag.com/Laundry/Washers/Product_Info/Washer_Product_Assistance/Error_Codes_in_Top_Load_HE_Washers
159,Maytag,US,washer,LID,The lid was left open.,lid,door_lock,informational,manufacturer_listing,Maytag Product Help — Error Codes in Top Load HE Washers,https://producthelp.maytag.com/Laundry/Washers/Product_Info/Washer_Product_Assistance/Error_Codes_in_Top_Load_HE_Washers
145,Maytag,US,washer,LOC,"The control lock is active, disabling the panel.",control panel,informational,informational,manufacturer_listing,Maytag Product Help — Error Codes in Front Load Washers,https://producthelp.maytag.com/Laundry/Washers/Product_Info/Washer_Product_Assistance/Error_Codes_in_Front_Load_Washers
160,Maytag,US,washer,OFB,The load is out of balance.,drum suspension,unbalanced,degraded,manufacturer_listing,Maytag Product Help — Error Codes in Top Load HE Washers,https://producthelp.maytag.com/Laundry/Washers/Product_Info/Washer_Product_Assistance/Error_Codes_in_Top_Load_HE_Washers
161,Maytag,US,washer,OL,The load is too large.,drum,unbalanced,degraded,manufacturer_listing,Maytag Product Help — Error Codes in Top Load HE Washers,https://producthelp.maytag.com/Laundry/Washers/Product_Info/Washer_Product_Assistance/Error_Codes_in_Top_Load_HE_Washers
162,Maytag,US,washer,PF,The wash cycle was interrupted by a power failure.,control board,power,informational,manufacturer_listing,Maytag Product Help — Error Codes in Top Load HE Washers,https://producthelp.maytag.com/Laundry/Washers/Product_Info/Washer_Product_Assistance/Error_Codes_in_Top_Load_HE_Washers
148,Maytag,US,washer,RL,Items were detected in the drum during the Clean Washer cycle.,drum,informational,degraded,manufacturer_listing,Maytag Product Help — Error Codes in Front Load Washers,https://producthelp.maytag.com/Laundry/Washers/Product_Info/Washer_Product_Assistance/Error_Codes_in_Front_Load_Washers
149,Maytag,US,washer,SUD,Too many suds were detected in the wash.,detergent system,suds,degraded,manufacturer_listing,Maytag Product Help — Error Codes in Front Load Washers,https://producthelp.maytag.com/Laundry/Washers/Product_Info/Washer_Product_Assistance/Error_Codes_in_Front_Load_Washers
367,Miele,UK,washer,F1,A short circuit was detected in the NTC temperature sensor.,NTC thermistor,sensor,degraded,aggregator_listing,Domex UK — Miele Washing Machine Fault Codes,https://www.domex-uk.co.uk/help-advice/miele-washing-machine-fault-codes/
369,Miele,UK,washer,F10,A water intake fault was detected.,water inlet valve,water_supply,stop_failure,aggregator_listing,Domex UK — Miele Washing Machine Fault Codes,https://www.domex-uk.co.uk/help-advice/miele-washing-machine-fault-codes/
392,Miele,UK,washer,F100,A communication link failure was detected.,control board,communication,degraded,aggregator_listing,Domex UK — Miele Washing Machine Fault Codes,https://www.domex-uk.co.uk/help-advice/miele-washing-machine-fault-codes/
393,Miele,UK,washer,F104,Low voltage is reaching the drive.,inverter drive,power,degraded,aggregator_listing,Domex UK — Miele Washing Machine Fault Codes,https://www.domex-uk.co.uk/help-advice/miele-washing-machine-fault-codes/
370,Miele,UK,washer,F11,The machine is having difficulty draining.,drain pump,drainage,stop_failure,aggregator_listing,Domex UK — Miele Washing Machine Fault Codes,https://www.domex-uk.co.uk/help-advice/miele-washing-machine-fault-codes/
371,Miele,UK,washer,F15,A fault was detected in the hot water intake.,hot inlet valve,water_supply,degraded,aggregator_listing,Domex UK — Miele Washing Machine Fault Codes,https://www.domex-uk.co.uk/help-advice/miele-washing-machine-fault-codes/
372,Miele,UK,washer,F16,Excess detergent (over-foaming) was detected.,foam detection,suds,degraded,aggregator_listing,Domex UK — Miele Washing Machine Fault Codes,https://www.domex-uk.co.uk/help-advice/miele-washing-machine-fault-codes/
373,Miele,UK,washer,F19,The flow meter is turning too slowly.,flow meter,sensor,degraded,aggregator_listing,Domex UK — Miele Washing Machine Fault Codes,https://www.domex-uk.co.uk/help-advice/miele-washing-machine-fault-codes/
368,Miele,UK,washer,F2,An open circuit or fault was detected in the NTC temperature sensor.,NTC thermistor,sensor,degraded,aggregator_listing,Domex UK — Miele Washing Machine Fault Codes,https://www.domex-uk.co.uk/help-advice/miele-washing-machine-fault-codes/
374,Miele,UK,washer,F20,A heating malfunction was detected.,heating element,heating,degraded,aggregator_listing,Domex UK — Miele Washing Machine Fault Codes,https://www.domex-uk.co.uk/help-advice/miele-washing-machine-fault-codes/
375,Miele,UK,washer,F29,The steam heater is inactive.,steam generator,heating,degraded,aggregator_listing,Domex UK — Miele Washing Machine Fault Codes,https://www.domex-uk.co.uk/help-advice/miele-washing-machine-fault-codes/
376,Miele,UK,washer,F34,The door is failing to lock.,door latch,door_lock,stop_failure,aggregator_listing,Domex UK — Miele Washing Machine Fault Codes,https://www.domex-uk.co.uk/help-advice/miele-washing-machine-fault-codes/
377,Miele,UK,washer,F35,The door is failing to unlock.,door latch,door_lock,degraded,aggregator_listing,Domex UK — Miele Washing Machine Fault Codes,https://www.domex-uk.co.uk/help-advice/miele-washing-machine-fault-codes/
378,Miele,UK,washer,F39,A failure was detected in the electronic unit.,control board,control_board,stop_failure,aggregator_listing,Domex UK — Miele Washing Machine Fault Codes,https://www.domex-uk.co.uk/help-advice/miele-washing-machine-fault-codes/
379,Miele,UK,washer,F41,Faulty electronic memory is returning incorrect data.,memory module,control_board,degraded,aggregator_listing,Domex UK — Miele Washing Machine Fault Codes,https://www.domex-uk.co.uk/help-advice/miele-washing-machine-fault-codes/
380,Miele,UK,washer,F43,The appliance model is not programmed in the control.,control board,control_board,stop_failure,aggregator_listing,Domex UK — Miele Washing Machine Fault Codes,https://www.domex-uk.co.uk/help-advice/miele-washing-machine-fault-codes/
381,Miele,UK,washer,F45,The flash RAM is defective.,flash RAM,control_board,stop_failure,aggregator_listing,Domex UK — Miele Washing Machine Fault Codes,https://www.domex-uk.co.uk/help-advice/miele-washing-machine-fault-codes/
382,Miele,UK,washer,F50,A drive fault was detected.,motor drive inverter,motor,stop_failure,aggregator_listing,Domex UK — Miele Washing Machine Fault Codes,https://www.domex-uk.co.uk/help-advice/miele-washing-machine-fault-codes/
383,Miele,UK,washer,F51,A level-switch or pressure-sensor fault was detected.,pressure switch,sensor,degraded,aggregator_listing,Domex UK — Miele Washing Machine Fault Codes,https://www.domex-uk.co.uk/help-advice/miele-washing-machine-fault-codes/
384,Miele,UK,washer,F53,A speed sensor (tachometer) fault was detected.,tachometer,sensor,degraded,aggregator_listing,Domex UK — Miele Washing Machine Fault Codes,https://www.domex-uk.co.uk/help-advice/miele-washing-machine-fault-codes/
385,Miele,UK,washer,F56,The final spin speed stayed below 400 rpm.,spin assembly,motor,degraded,aggregator_listing,Domex UK — Miele Washing Machine Fault Codes,https://www.domex-uk.co.uk/help-advice/miele-washing-machine-fault-codes/
386,Miele,UK,washer,F62,The program selector is defective.,program selector,control_board,degraded,aggregator_listing,Domex UK — Miele Washing Machine Fault Codes,https://www.domex-uk.co.uk/help-advice/miele-washing-machine-fault-codes/
387,Miele,UK,washer,F63,A failure was detected in the water path control unit.,water control module,water_supply,degraded,aggregator_listing,Domex UK — Miele Washing Machine Fault Codes,https://www.domex-uk.co.uk/help-advice/miele-washing-machine-fault-codes/
388,Miele,UK,washer,F65,The drum lighting cap is missing.,drum illumination cap,informational,informational,aggregator_listing,Domex UK — Miele Washing Machine Fault Codes,https://www.domex-uk.co.uk/help-advice/miele-washing-machine-fault-codes/
389,Miele,UK,washer,F81,Steam is inactive in the heater unit.,steam module,heating,degraded,aggregator_listing,Domex UK — Miele Washing Machine Fault Codes,https://www.domex-uk.co.uk/help-advice/miele-washing-machine-fault-codes/
390,Miele,UK,washer,F83,Excessive temperature was detected in the heater unit.,heating element,temperature,stop_failure,aggregator_listing,Domex UK — Miele Washing Machine Fault Codes,https://www.domex-uk.co.uk/help-advice/miele-washing-machine-fault-codes/
391,Miele,UK,washer,F92,A hygiene warning: risk of bacterial contamination from low-temperature washing.,hygiene monitoring,informational,informational,aggregator_listing,Domex UK — Miele Washing Machine Fault Codes,https://www.domex-uk.co.uk/help-advice/miele-washing-machine-fault-codes/
100,Samsung,US,dishwasher,1E,"A clogged filter (Waterwall models) or heater over-temperature (Rotary models), depending on model.",filter and heater,filter,degraded,manufacturer_listing,Samsung US Support — Dishwasher Error Codes,https://www.samsung.com/us/support/troubleshoot/TSG10004499/
101,Samsung,US,dishwasher,3C,A drain-pump operation fault was detected.,drain pump,motor,stop_failure,manufacturer_listing,Samsung US Support — Dishwasher Error Codes,https://www.samsung.com/us/support/troubleshoot/TSG10004499/
102,Samsung,US,dishwasher,3E,Incoming water is hotter than the allowed limit.,water supply,water_supply,degraded,manufacturer_listing,Samsung US Support — Dishwasher Error Codes,https://www.samsung.com/us/support/troubleshoot/TSG10004499/
103,Samsung,US,dishwasher,4C,The water supply is inadequate in pressure or temperature.,water inlet valve,water_supply,stop_failure,manufacturer_listing,Samsung US Support — Dishwasher Error Codes,https://www.samsung.com/us/support/troubleshoot/TSG10004499/
104,Samsung,US,dishwasher,5C,The dishwasher cannot drain.,drain pump,drainage,stop_failure,manufacturer_listing,Samsung US Support — Dishwasher Error Codes,https://www.samsung.com/us/support/troubleshoot/TSG10004499/
105,Samsung,US,dishwasher,7E,The Waterwall reflector is not moving correctly.,waterwall reflector,motor,degraded,manufacturer_listing,Samsung US Support — Dishwasher Error Codes,https://www.samsung.com/us/support/troubleshoot/TSG10004499/
106,Samsung,US,dishwasher,9E,The water level inside the tub is too low.,water level sensor,water_supply,degraded,manufacturer_listing,Samsung US Support — Dishwasher Error Codes,https://www.samsung.com/us/support/troubleshoot/TSG10004499/
107,Samsung,US,dishwasher,BE,A panel button is being sensed as stuck.,control panel,control_board,degraded,manufacturer_listing,Samsung US Support — Dishwasher Error Codes,https://www.samsung.com/us/support/troubleshoot/TSG10004499/
108,Samsung,US,dishwasher,CE,A communication fault occurred in the control electronics.,control board,communication,degraded,manufacturer_listing,Samsung US Support — Dishwasher Error Codes,https://www.samsung.com/us/support/troubleshoot/TSG10004499/
109,Samsung,US,dishwasher,HC,The water overheated beyond the safe limit.,heating element,heating,stop_failure,manufacturer_listing,Samsung US Support — Dishwasher Error Codes,https://www.samsung.com/us/support/troubleshoot/TSG10004499/
110,Samsung,US,dishwasher,HE,The heater temperature-detection circuit is faulty.,temperature sensor,heating,degraded,manufacturer_listing,Samsung US Support — Dishwasher Error Codes,https://www.samsung.com/us/support/troubleshoot/TSG10004499/
111,Samsung,US,dishwasher,LC,The leak sensor detected moisture.,leak sensor,leak,stop_failure,manufacturer_listing,Samsung US Support — Dishwasher Error Codes,https://www.samsung.com/us/support/troubleshoot/TSG10004499/
112,Samsung,US,dishwasher,OC,The water level is above the allowed maximum.,water level sensor,water_supply,stop_failure,manufacturer_listing,Samsung US Support — Dishwasher Error Codes,https://www.samsung.com/us/support/troubleshoot/TSG10004499/
113,Samsung,US,dishwasher,TE,The temperature sensor is reading incorrectly.,temperature sensor,sensor,degraded,manufacturer_listing,Samsung US Support — Dishwasher Error Codes,https://www.samsung.com/us/support/troubleshoot/TSG10004499/
83,Samsung,US,dryer,3C,A drive-motor fault was detected.,drive motor,motor,stop_failure,manufacturer_listing,Samsung US Support — Dryer Error Codes,https://www.samsung.com/us/support/troubleshoot/TSG10001006/
72,Samsung,US,dryer,9C1,The voltage supplied to the dryer is abnormal.,power supply,power,stop_failure,manufacturer_listing,Samsung US Support — Dryer Error Codes,https://www.samsung.com/us/support/troubleshoot/TSG10001006/
77,Samsung,US,dryer,AC,Internal control modules cannot communicate with each other.,control board,communication,degraded,manufacturer_listing,Samsung US Support — Dryer Error Codes,https://www.samsung.com/us/support/troubleshoot/TSG10001006/
73,Samsung,US,dryer,BE,A control-panel button is being sensed as stuck.,control panel,control_board,degraded,manufacturer_listing,Samsung US Support — Dryer Error Codes,https://www.samsung.com/us/support/troubleshoot/TSG10001006/
80,Samsung,US,dryer,C80,The exhaust vent is roughly eighty percent blocked.,exhaust vent,ventilation,degraded,manufacturer_listing,Samsung US Support — Dryer Error Codes,https://www.samsung.com/us/support/troubleshoot/TSG10001006/
81,Samsung,US,dryer,C90,The exhaust vent is more than ninety percent blocked.,exhaust vent,ventilation,stop_failure,manufacturer_listing,Samsung US Support — Dryer Error Codes,https://www.samsung.com/us/support/troubleshoot/TSG10001006/
79,Samsung,US,dryer,CLG,The exhaust vent is clogged.,exhaust vent,ventilation,degraded,manufacturer_listing,Samsung US Support — Dryer Error Codes,https://www.samsung.com/us/support/troubleshoot/TSG10001006/
82,Samsung,US,dryer,CT,The ambient temperature is outside the operating range.,temperature regulation,temperature,informational,manufacturer_listing,Samsung US Support — Dryer Error Codes,https://www.samsung.com/us/support/troubleshoot/TSG10001006/
74,Samsung,US,dryer,DC,"A fault was detected with the door, latch, or door sensor.",door assembly,door_lock,degraded,manufacturer_listing,Samsung US Support — Dryer Error Codes,https://www.samsung.com/us/support/troubleshoot/TSG10001006/
78,Samsung,US,dryer,FC,The power-source frequency is invalid.,power supply,power,degraded,manufacturer_listing,Samsung US Support — Dryer Error Codes,https://www.samsung.com/us/support/troubleshoot/TSG10001006/
76,Samsung,US,dryer,HC,The dryer is overheating.,heating element,heating,stop_failure,manufacturer_listing,Samsung US Support — Dryer Error Codes,https://www.samsung.com/us/support/troubleshoot/TSG10001006/
85,Samsung,US,dryer,HC2,A gas-ignition fault was detected on gas models.,gas igniter,gas,stop_failure,manufacturer_listing,Samsung US Support — Dryer Error Codes,https://www.samsung.com/us/support/troubleshoot/TSG10001006/
84,Samsung,US,dryer,OD,The load did not dry within the expected time.,moisture sensor,sensor,degraded,manufacturer_listing,Samsung US Support — Dryer Error Codes,https://www.samsung.com/us/support/troubleshoot/TSG10001006/
75,Samsung,US,dryer,TS,The temperature-sensing circuit reported a fault.,temperature sensor,sensor,degraded,manufacturer_listing,Samsung US Support — Dryer Error Codes,https://www.samsung.com/us/support/troubleshoot/TSG10001006/
86,Samsung,US,refrigerator,21E,The freezer fan is not rotating as sensed by the control.,freezer fan,fan,degraded,manufacturer_listing,Samsung US Support — Refrigerator Error Codes,https://www.samsung.com/us/support/troubleshoot/TSG10007315/
87,Samsung,US,refrigerator,22E,"The fridge fan is faulty, sometimes following a door left open.",fridge fan,fan,degraded,manufacturer_listing,Samsung US Support — Refrigerator Error Codes,https://www.samsung.com/us/support/troubleshoot/TSG10007315/
96,Samsung,US,refrigerator,33E,The ice-pipe heater reported a fault.,ice pipe heater,ice_maker,degraded,manufacturer_listing,Samsung US Support — Refrigerator Error Codes,https://www.samsung.com/us/support/troubleshoot/TSG10007315/
97,Samsung,US,refrigerator,39E,The ice-maker function reported a fault.,ice maker,ice_maker,degraded,manufacturer_listing,Samsung US Support — Refrigerator Error Codes,https://www.samsung.com/us/support/troubleshoot/TSG10007315/
98,Samsung,US,refrigerator,40E,The ice-room fan reported a fault.,ice room fan,fan,degraded,manufacturer_listing,Samsung US Support — Refrigerator Error Codes,https://www.samsung.com/us/support/troubleshoot/TSG10007315/
94,Samsung,US,refrigerator,5E,The fridge defrost sensor reported a fault.,defrost sensor,sensor,degraded,manufacturer_listing,Samsung US Support — Refrigerator Error Codes,https://www.samsung.com/us/support/troubleshoot/TSG10007315/
88,Samsung,US,refrigerator,76C,Water was detected in the autofill compartment.,autofill assembly,leak,degraded,manufacturer_listing,Samsung US Support — Refrigerator Error Codes,https://www.samsung.com/us/support/troubleshoot/TSG10007315/
90,Samsung,US,refrigerator,83E,The compressor drew abnormal current.,compressor,compressor,stop_failure,manufacturer_listing,Samsung US Support — Refrigerator Error Codes,https://www.samsung.com/us/support/troubleshoot/TSG10007315/
99,Samsung,US,refrigerator,84C,The compressor is locked.,compressor,compressor,stop_failure,manufacturer_listing,Samsung US Support — Refrigerator Error Codes,https://www.samsung.com/us/support/troubleshoot/TSG10007315/
89,Samsung,US,refrigerator,85C,Low voltage was detected at the power source.,power supply,power,degraded,manufacturer_listing,Samsung US Support — Refrigerator Error Codes,https://www.samsung.com/us/support/troubleshoot/TSG10007315/
91,Samsung,US,refrigerator,85E,The compressor experienced an undervoltage (brown-out) condition.,compressor,compressor,stop_failure,manufacturer_listing,Samsung US Support — Refrigerator Error Codes,https://www.samsung.com/us/support/troubleshoot/TSG10007315/
92,Samsung,US,refrigerator,86E,The compressor experienced an overvoltage (surge) condition.,compressor,compressor,stop_failure,manufacturer_listing,Samsung US Support — Refrigerator Error Codes,https://www.samsung.com/us/support/troubleshoot/TSG10007315/
95,Samsung,US,refrigerator,8E,The freezer ice-maker sensor reported a fault.,ice maker sensor,ice_maker,degraded,manufacturer_listing,Samsung US Support — Refrigerator Error Codes,https://www.samsung.com/us/support/troubleshoot/TSG10007315/
93,Samsung,US,refrigerator,PCER,A communication fault occurred between internal components.,control board,communication,degraded,manufacturer_listing,Samsung US Support — Refrigerator Error Codes,https://www.samsung.com/us/support/troubleshoot/TSG10007315/
303,Samsung,UK,washer,11E,A low water level was detected during operation.,water level sensor,water_supply,degraded,manufacturer_listing,Samsung UK Support — What do the codes on my washing machine mean,https://www.samsung.com/uk/support/home-appliances/what-do-the-codes-on-my-washing-machine-mean/
304,Samsung,UK,washer,12E,A control-panel button fault was detected.,control panel,control_board,degraded,manufacturer_listing,Samsung UK Support — What do the codes on my washing machine mean,https://www.samsung.com/uk/support/home-appliances/what-do-the-codes-on-my-washing-machine-mean/
305,Samsung,UK,washer,13E,A signal communication fault was detected.,control board,communication,degraded,manufacturer_listing,Samsung UK Support — What do the codes on my washing machine mean,https://www.samsung.com/uk/support/home-appliances/what-do-the-codes-on-my-washing-machine-mean/
294,Samsung,UK,washer,1C,The water-level sensor reported a fault.,water level sensor,sensor,degraded,manufacturer_listing,Samsung UK Support — What do the codes on my washing machine mean,https://www.samsung.com/uk/support/home-appliances/what-do-the-codes-on-my-washing-machine-mean/
62,Samsung,US,washer,1C,The water-level sensor or leak detection reported a fault.,water level sensor,sensor,degraded,manufacturer_listing,Samsung US Support — Washing Machine Error Codes,https://www.samsung.com/us/support/troubleshoot/TSG10000997/
295,Samsung,UK,washer,3C,A drive-motor fault was detected.,drive motor,motor,stop_failure,manufacturer_listing,Samsung UK Support — What do the codes on my washing machine mean,https://www.samsung.com/uk/support/home-appliances/what-do-the-codes-on-my-washing-machine-mean/
64,Samsung,US,washer,3C,A drive-motor fault was detected.,drive motor,motor,stop_failure,manufacturer_listing,Samsung US Support — Washing Machine Error Codes,https://www.samsung.com/us/support/troubleshoot/TSG10000997/
296,Samsung,UK,washer,3CP,An electronic control fault was detected.,control board,control_board,degraded,manufacturer_listing,Samsung UK Support — What do the codes on my washing machine mean,https://www.samsung.com/uk/support/home-appliances/what-do-the-codes-on-my-washing-machine-mean/
297,Samsung,UK,washer,4C,The washer is not receiving water correctly during fill.,water inlet valve,water_supply,stop_failure,manufacturer_listing,Samsung UK Support — What do the codes on my washing machine mean,https://www.samsung.com/uk/support/home-appliances/what-do-the-codes-on-my-washing-machine-mean/
57,Samsung,US,washer,4C,The washer is not receiving water correctly during fill.,water inlet valve,water_supply,stop_failure,manufacturer_listing,Samsung US Support — Washing Machine Error Codes,https://www.samsung.com/us/support/troubleshoot/TSG10000997/
298,Samsung,UK,washer,4C2,"The incoming water is running hot, indicating a hot-tap connection.",supply hoses,water_supply,degraded,manufacturer_listing,Samsung UK Support — What do the codes on my washing machine mean,https://www.samsung.com/uk/support/home-appliances/what-do-the-codes-on-my-washing-machine-mean/
58,Samsung,US,washer,4C2,"The cold supply line is running unexpectedly hot, indicating reversed hoses.",supply hoses,water_supply,degraded,manufacturer_listing,Samsung US Support — Washing Machine Error Codes,https://www.samsung.com/us/support/troubleshoot/TSG10000997/
299,Samsung,UK,washer,5C,The washer cannot drain the water away.,drain pump,drainage,stop_failure,manufacturer_listing,Samsung UK Support — What do the codes on my washing machine mean,https://www.samsung.com/uk/support/home-appliances/what-do-the-codes-on-my-washing-machine-mean/
56,Samsung,US,washer,5C,"Water is not leaving the tub at the expected rate, or at all.",drain pump,drainage,stop_failure,manufacturer_listing,Samsung US Support — Washing Machine Error Codes,https://www.samsung.com/us/support/troubleshoot/TSG10000997/
300,Samsung,UK,washer,6E,The water heater is malfunctioning.,heating element,heating,stop_failure,manufacturer_listing,Samsung UK Support — What do the codes on my washing machine mean,https://www.samsung.com/uk/support/home-appliances/what-do-the-codes-on-my-washing-machine-mean/
301,Samsung,UK,washer,8C,The vibration (MEMS) sensor reported a fault.,vibration sensor,sensor,degraded,manufacturer_listing,Samsung UK Support — What do the codes on my washing machine mean,https://www.samsung.com/uk/support/home-appliances/what-do-the-codes-on-my-washing-machine-mean/
67,Samsung,US,washer,8C,The vibration (MEMS) sensor reported a fault.,vibration sensor,sensor,degraded,manufacturer_listing,Samsung US Support — Washing Machine Error Codes,https://www.samsung.com/us/support/troubleshoot/TSG10000997/
302,Samsung,UK,washer,9C1,Low supply voltage was detected.,power supply,power,degraded,manufacturer_listing,Samsung UK Support — What do the codes on my washing machine mean,https://www.samsung.com/uk/support/home-appliances/what-do-the-codes-on-my-washing-machine-mean/
69,Samsung,US,washer,9C1,An irregularity was detected in the supply voltage.,power supply,power,stop_failure,manufacturer_listing,Samsung US Support — Washing Machine Error Codes,https://www.samsung.com/us/support/troubleshoot/TSG10000997/
71,Samsung,US,washer,AC,A communication fault occurred between electronic modules.,control board,communication,degraded,manufacturer_listing,Samsung US Support — Washing Machine Error Codes,https://www.samsung.com/us/support/troubleshoot/TSG10000997/
306,Samsung,UK,washer,CB,The washer is running a calibration cycle.,control system,informational,informational,manufacturer_listing,Samsung UK Support — What do the codes on my washing machine mean,https://www.samsung.com/uk/support/home-appliances/what-do-the-codes-on-my-washing-machine-mean/
307,Samsung,UK,washer,DC,The door is not fully closed or something is trapped in it.,door lock assembly,door_lock,stop_failure,manufacturer_listing,Samsung UK Support — What do the codes on my washing machine mean,https://www.samsung.com/uk/support/home-appliances/what-do-the-codes-on-my-washing-machine-mean/
61,Samsung,US,washer,DC,The door is not closed and locked.,door lock assembly,door_lock,stop_failure,manufacturer_listing,Samsung US Support — Washing Machine Error Codes,https://www.samsung.com/us/support/troubleshoot/TSG10000997/
309,Samsung,UK,washer,DDC,The AddWash door was opened without pausing the cycle.,add door,door_lock,degraded,manufacturer_listing,Samsung UK Support — What do the codes on my washing machine mean,https://www.samsung.com/uk/support/home-appliances/what-do-the-codes-on-my-washing-machine-mean/
308,Samsung,UK,washer,DE2,The on/off switch reported a fault.,power switch,power,degraded,manufacturer_listing,Samsung UK Support — What do the codes on my washing machine mean,https://www.samsung.com/uk/support/home-appliances/what-do-the-codes-on-my-washing-machine-mean/
310,Samsung,UK,washer,E3,"An overflow condition was detected, often from excess detergent.",drainage system,suds,degraded,manufacturer_listing,Samsung UK Support — What do the codes on my washing machine mean,https://www.samsung.com/uk/support/home-appliances/what-do-the-codes-on-my-washing-machine-mean/
311,Samsung,UK,washer,E4,An unbalanced load was detected.,drum suspension,unbalanced,degraded,manufacturer_listing,Samsung UK Support — What do the codes on my washing machine mean,https://www.samsung.com/uk/support/home-appliances/what-do-the-codes-on-my-washing-machine-mean/
312,Samsung,UK,washer,EA,A motor fault was detected.,drive motor,motor,stop_failure,manufacturer_listing,Samsung UK Support — What do the codes on my washing machine mean,https://www.samsung.com/uk/support/home-appliances/what-do-the-codes-on-my-washing-machine-mean/
313,Samsung,UK,washer,EC,The temperature sensor is reading incorrectly.,temperature sensor,sensor,degraded,manufacturer_listing,Samsung UK Support — What do the codes on my washing machine mean,https://www.samsung.com/uk/support/home-appliances/what-do-the-codes-on-my-washing-machine-mean/
314,Samsung,UK,washer,FE,A fan fault was detected on washer-dryer models.,fan,fan,degraded,manufacturer_listing,Samsung UK Support — What do the codes on my washing machine mean,https://www.samsung.com/uk/support/home-appliances/what-do-the-codes-on-my-washing-machine-mean/
65,Samsung,US,washer,HC,The heating circuit is out of range.,heating element,heating,degraded,manufacturer_listing,Samsung US Support — Washing Machine Error Codes,https://www.samsung.com/us/support/troubleshoot/TSG10000997/
315,Samsung,UK,washer,HE2,The dryer heater overheated and shut down for safety.,dryer heater,heating,stop_failure,manufacturer_listing,Samsung UK Support — What do the codes on my washing machine mean,https://www.samsung.com/uk/support/home-appliances/what-do-the-codes-on-my-washing-machine-mean/
316,Samsung,UK,washer,HE3,The steam function is malfunctioning.,steam generator,heating,degraded,manufacturer_listing,Samsung UK Support — What do the codes on my washing machine mean,https://www.samsung.com/uk/support/home-appliances/what-do-the-codes-on-my-washing-machine-mean/
317,Samsung,UK,washer,HOT,The appliance is hot and the fan is running until it cools.,temperature regulation,informational,informational,manufacturer_listing,Samsung UK Support — What do the codes on my washing machine mean,https://www.samsung.com/uk/support/home-appliances/what-do-the-codes-on-my-washing-machine-mean/
59,Samsung,US,washer,OC,The water level rose above the permitted maximum.,water level sensor,water_supply,stop_failure,manufacturer_listing,Samsung US Support — Washing Machine Error Codes,https://www.samsung.com/us/support/troubleshoot/TSG10000997/
68,Samsung,US,washer,PC,A clutch-position fault was detected.,clutch,motor,degraded,manufacturer_listing,Samsung US Support — Washing Machine Error Codes,https://www.samsung.com/us/support/troubleshoot/TSG10000997/
318,Samsung,UK,washer,PLO,A power fault was detected at the socket or fuse.,power supply,power,degraded,manufacturer_listing,Samsung UK Support — What do the codes on my washing machine mean,https://www.samsung.com/uk/support/home-appliances/what-do-the-codes-on-my-washing-machine-mean/
70,Samsung,US,washer,SDC,The detergent drawer is not fully closed.,detergent drawer,dispenser,degraded,manufacturer_listing,Samsung US Support — Washing Machine Error Codes,https://www.samsung.com/us/support/troubleshoot/TSG10000997/
63,Samsung,US,washer,SUD,Excess suds were detected and the cycle paused to clear the foam.,detergent system,suds,degraded,manufacturer_listing,Samsung US Support — Washing Machine Error Codes,https://www.samsung.com/us/support/troubleshoot/TSG10000997/
66,Samsung,US,washer,TE,A temperature-sensor fault was detected.,temperature sensor,sensor,degraded,manufacturer_listing,Samsung US Support — Washing Machine Error Codes,https://www.samsung.com/us/support/troubleshoot/TSG10000997/
60,Samsung,US,washer,UB,The load is unbalanced and the drum cannot spin safely.,drum suspension,unbalanced,degraded,manufacturer_listing,Samsung US Support — Washing Machine Error Codes,https://www.samsung.com/us/support/troubleshoot/TSG10000997/
319,Samsung,UK,washer,UC,Voltage fluctuation was detected in the supply.,power supply,power,degraded,manufacturer_listing,Samsung UK Support — What do the codes on my washing machine mean,https://www.samsung.com/uk/support/home-appliances/what-do-the-codes-on-my-washing-machine-mean/
245,Whirlpool,US,dryer,AF,Airflow through the venting system is restricted.,exhaust vent,ventilation,degraded,aggregator_listing,ApplianceCodeHub — Whirlpool Dryer Error Codes,https://www.appliancecodehub.com/whirlpool/dryer/
246,Whirlpool,US,dryer,F01,The primary control board failed.,control board,control_board,stop_failure,aggregator_listing,ApplianceCodeHub — Whirlpool Dryer Error Codes,https://www.appliancecodehub.com/whirlpool/dryer/
247,Whirlpool,US,dryer,F02,The keypad or user interface failed.,keypad,control_board,degraded,aggregator_listing,ApplianceCodeHub — Whirlpool Dryer Error Codes,https://www.appliancecodehub.com/whirlpool/dryer/
248,Whirlpool,US,dryer,F06,A door lock fault was detected.,door lock,door_lock,degraded,aggregator_listing,ApplianceCodeHub — Whirlpool Dryer Error Codes,https://www.appliancecodehub.com/whirlpool/dryer/
249,Whirlpool,US,dryer,F20,A heating element fault was detected.,heating element,heating,stop_failure,aggregator_listing,ApplianceCodeHub — Whirlpool Dryer Error Codes,https://www.appliancecodehub.com/whirlpool/dryer/
250,Whirlpool,US,dryer,F24,A communication fault was detected.,control board,communication,degraded,aggregator_listing,ApplianceCodeHub — Whirlpool Dryer Error Codes,https://www.appliancecodehub.com/whirlpool/dryer/
251,Whirlpool,US,dryer,F25,A communication fault was detected.,control board,communication,degraded,aggregator_listing,ApplianceCodeHub — Whirlpool Dryer Error Codes,https://www.appliancecodehub.com/whirlpool/dryer/
252,Whirlpool,US,dryer,F26,A motor drive fault was detected.,drive motor,motor,stop_failure,aggregator_listing,ApplianceCodeHub — Whirlpool Dryer Error Codes,https://www.appliancecodehub.com/whirlpool/dryer/
253,Whirlpool,US,dryer,F29,A moisture sensor fault was detected.,moisture sensor,sensor,degraded,aggregator_listing,ApplianceCodeHub — Whirlpool Dryer Error Codes,https://www.appliancecodehub.com/whirlpool/dryer/
254,Whirlpool,US,dryer,F30,Airflow is restricted in the venting system.,exhaust vent,ventilation,degraded,aggregator_listing,ApplianceCodeHub — Whirlpool Dryer Error Codes,https://www.appliancecodehub.com/whirlpool/dryer/
255,Whirlpool,US,dryer,F31,Low or no line voltage was detected.,power supply,power,stop_failure,aggregator_listing,ApplianceCodeHub — Whirlpool Dryer Error Codes,https://www.appliancecodehub.com/whirlpool/dryer/
256,Whirlpool,US,dryer,PF,A power failure interrupted the drying cycle.,control board,power,informational,aggregator_listing,ApplianceCodeHub — Whirlpool Dryer Error Codes,https://www.appliancecodehub.com/whirlpool/dryer/
244,Whirlpool,US,oven_range,CAL,The oven calibration mode is active.,control system,informational,informational,manufacturer_listing,Whirlpool Product Help — Error Codes for Cooking Appliances,https://producthelp.whirlpool.com/Cooking/Wall_Ovens_and_Ranges/Product_Info/Oven_Product_Assistance/Error_Codes_for_Cooking_Appliances
234,Whirlpool,US,oven_range,F0E0,The electronic oven control cannot identify the type of fault that occurred.,electronic control,control_board,degraded,manufacturer_listing,Whirlpool Product Help — Range Error Codes (per-code articles),https://producthelp.whirlpool.com/Cooking/Wall_Ovens_and_Ranges/Ranges/Error_Codes
235,Whirlpool,US,oven_range,F1,"A fault involving the oven temperature sensor, the control, or their wiring was detected.",oven temperature sensor,sensor,degraded,manufacturer_listing,Whirlpool Product Help — Range Error Codes (per-code articles),https://producthelp.whirlpool.com/Cooking/Wall_Ovens_and_Ranges/Ranges/Error_Codes
236,Whirlpool,US,oven_range,F2E1,"A fault involving the user interface or keypad, the control, or their wiring was detected.",keypad,control_board,degraded,manufacturer_listing,Whirlpool Product Help — Range Error Codes (per-code articles),https://producthelp.whirlpool.com/Cooking/Wall_Ovens_and_Ranges/Ranges/Error_Codes
237,Whirlpool,US,oven_range,F3E0,"A fault involving the oven temperature sensor, the control, or their wiring was detected.",oven temperature sensor,sensor,degraded,manufacturer_listing,Whirlpool Product Help — Range Error Codes (per-code articles),https://producthelp.whirlpool.com/Cooking/Wall_Ovens_and_Ranges/Ranges/Error_Codes
238,Whirlpool,US,oven_range,F3E2,A fault involving the oven temperature sensor or warming drawer sensor was detected.,oven temperature sensor,sensor,degraded,manufacturer_listing,Whirlpool Product Help — Range Error Codes (per-code articles),https://producthelp.whirlpool.com/Cooking/Wall_Ovens_and_Ranges/Ranges/Error_Codes
239,Whirlpool,US,oven_range,F8E0,"The cooling fan speed is too low, from an airflow restriction, the fan, or its wiring.",cooling fan,fan,degraded,manufacturer_listing,Whirlpool Product Help — Range Error Codes (per-code articles),https://producthelp.whirlpool.com/Cooking/Wall_Ovens_and_Ranges/Ranges/Error_Codes
240,Whirlpool,US,oven_range,F9E0,An electrical wiring or power-supply problem was detected.,power supply,power,stop_failure,manufacturer_listing,Whirlpool Product Help — Error Codes for Cooking Appliances,https://producthelp.whirlpool.com/Cooking/Wall_Ovens_and_Ranges/Product_Info/Oven_Product_Assistance/Error_Codes_for_Cooking_Appliances
242,Whirlpool,US,oven_range,LOC,The control lock feature is enabled.,control panel,informational,informational,manufacturer_listing,Whirlpool Product Help — Error Codes for Cooking Appliances,https://producthelp.whirlpool.com/Cooking/Wall_Ovens_and_Ranges/Product_Info/Oven_Product_Assistance/Error_Codes_for_Cooking_Appliances
241,Whirlpool,US,oven_range,PF,A power failure interrupted operation.,control board,power,informational,manufacturer_listing,Whirlpool Product Help — Error Codes for Cooking Appliances,https://producthelp.whirlpool.com/Cooking/Wall_Ovens_and_Ranges/Product_Info/Oven_Product_Assistance/Error_Codes_for_Cooking_Appliances
243,Whirlpool,US,oven_range,SAB,Sabbath mode is active.,control system,informational,informational,manufacturer_listing,Whirlpool Product Help — Error Codes for Cooking Appliances,https://producthelp.whirlpool.com/Cooking/Wall_Ovens_and_Ranges/Product_Info/Oven_Product_Assistance/Error_Codes_for_Cooking_Appliances
128,Whirlpool,US,washer,DET,No detergent cartridge is detected in the dispenser.,detergent dispenser,dispenser,degraded,manufacturer_listing,Whirlpool Product Help — Error Codes in Front Load Washers,https://producthelp.whirlpool.com/Laundry/Washers/Product_Info/Washer_Product_Assistance/Error_Codes_in_Front_Load_Washers
137,Whirlpool,US,washer,DRN,The washer is not draining properly.,drain pump,drainage,stop_failure,manufacturer_listing,Whirlpool Product Help — Error Codes in Top Load HE Washers,https://producthelp.whirlpool.com/Laundry/Washers/Product_Info/Washer_Product_Assistance/Error_Codes_in_Top_Load_HE_Washers
132,Whirlpool,US,washer,F5E2,The door is not locking properly.,door lock assembly,door_lock,stop_failure,manufacturer_listing,Whirlpool Product Help — Error Codes in Front Load Washers,https://producthelp.whirlpool.com/Laundry/Washers/Product_Info/Washer_Product_Assistance/Error_Codes_in_Front_Load_Washers
133,Whirlpool,US,washer,F7E1,A motor speed-sensing error was detected.,drive motor,motor,stop_failure,manufacturer_listing,Whirlpool Product Help — Error Codes in Front Load Washers,https://producthelp.whirlpool.com/Laundry/Washers/Product_Info/Washer_Product_Assistance/Error_Codes_in_Front_Load_Washers
134,Whirlpool,US,washer,F8E1,The washer senses a low flow of water during fill.,water inlet valve,water_supply,stop_failure,manufacturer_listing,Whirlpool Product Help — Error Codes in Front Load Washers,https://producthelp.whirlpool.com/Laundry/Washers/Product_Info/Washer_Product_Assistance/Error_Codes_in_Front_Load_Washers
135,Whirlpool,US,washer,F8E2,A problem was detected with the dispenser system.,detergent dispenser,dispenser,degraded,manufacturer_listing,Whirlpool Product Help — Error Codes in Front Load Washers,https://producthelp.whirlpool.com/Laundry/Washers/Product_Info/Washer_Product_Assistance/Error_Codes_in_Front_Load_Washers
136,Whirlpool,US,washer,F9E1,Draining is taking longer than expected (over about eight minutes).,drain pump,drainage,stop_failure,manufacturer_listing,Whirlpool Product Help — Error Codes in Front Load Washers,https://producthelp.whirlpool.com/Laundry/Washers/Product_Info/Washer_Product_Assistance/Error_Codes_in_Front_Load_Washers
138,Whirlpool,US,washer,HC,The hot and cold inlet hoses are connected in reverse.,inlet hoses,water_supply,degraded,manufacturer_listing,Whirlpool Product Help — Error Codes in Top Load HE Washers,https://producthelp.whirlpool.com/Laundry/Washers/Product_Info/Washer_Product_Assistance/Error_Codes_in_Top_Load_HE_Washers
129,Whirlpool,US,washer,INT,The cycle was paused or cancelled.,control system,informational,informational,manufacturer_listing,Whirlpool Product Help — Error Codes in Front Load Washers,https://producthelp.whirlpool.com/Laundry/Washers/Product_Info/Washer_Product_Assistance/Error_Codes_in_Front_Load_Washers
139,Whirlpool,US,washer,LDL,The lid is not locking.,lid lock,door_lock,stop_failure,manufacturer_listing,Whirlpool Product Help — Error Codes in Top Load HE Washers,https://producthelp.whirlpool.com/Laundry/Washers/Product_Info/Washer_Product_Assistance/Error_Codes_in_Top_Load_HE_Washers
140,Whirlpool,US,washer,LDU,The lid cannot unlock.,lid lock,door_lock,degraded,manufacturer_listing,Whirlpool Product Help — Error Codes in Top Load HE Washers,https://producthelp.whirlpool.com/Laundry/Washers/Product_Info/Washer_Product_Assistance/Error_Codes_in_Top_Load_HE_Washers
141,Whirlpool,US,washer,LID,The lid was left open.,lid,door_lock,informational,manufacturer_listing,Whirlpool Product Help — Error Codes in Top Load HE Washers,https://producthelp.whirlpool.com/Laundry/Washers/Product_Info/Washer_Product_Assistance/Error_Codes_in_Top_Load_HE_Washers
127,Whirlpool,US,washer,LOC,"The control lock is active, disabling the panel.",control panel,informational,informational,manufacturer_listing,Whirlpool Product Help — Error Codes in Front Load Washers,https://producthelp.whirlpool.com/Laundry/Washers/Product_Info/Washer_Product_Assistance/Error_Codes_in_Front_Load_Washers
142,Whirlpool,US,washer,OFB,The load is out of balance.,drum suspension,unbalanced,degraded,manufacturer_listing,Whirlpool Product Help — Error Codes in Top Load HE Washers,https://producthelp.whirlpool.com/Laundry/Washers/Product_Info/Washer_Product_Assistance/Error_Codes_in_Top_Load_HE_Washers
143,Whirlpool,US,washer,OL,The load is too large.,drum,unbalanced,degraded,manufacturer_listing,Whirlpool Product Help — Error Codes in Top Load HE Washers,https://producthelp.whirlpool.com/Laundry/Washers/Product_Info/Washer_Product_Assistance/Error_Codes_in_Top_Load_HE_Washers
144,Whirlpool,US,washer,PF,The wash cycle was interrupted by a power failure.,control board,power,informational,manufacturer_listing,Whirlpool Product Help — Error Codes in Top Load HE Washers,https://producthelp.whirlpool.com/Laundry/Washers/Product_Info/Washer_Product_Assistance/Error_Codes_in_Top_Load_HE_Washers
130,Whirlpool,US,washer,RL,Items were detected in the drum during the Clean Washer cycle.,drum,informational,degraded,manufacturer_listing,Whirlpool Product Help — Error Codes in Front Load Washers,https://producthelp.whirlpool.com/Laundry/Washers/Product_Info/Washer_Product_Assistance/Error_Codes_in_Front_Load_Washers
131,Whirlpool,US,washer,SUD,Too many suds were detected in the wash.,detergent system,suds,degraded,manufacturer_listing,Whirlpool Product Help — Error Codes in Front Load Washers,https://producthelp.whirlpool.com/Laundry/Washers/Product_Info/Washer_Product_Assistance/Error_Codes_in_Front_Load_Washers
