brand,market,appliance_type,code,meaning,component,cause_category,severity,rank,rank_basis,title,steps,diy_difficulty,source_url
Beko,UK,washer,E01,The machine is not detecting the door as closed and locked.,door interlock,door_lock,stop_failure,1.0,cost_ascending,Check the door and reset,"Close the door until it latches fully, clear anything caught in it, and power off for about five minutes before retrying.",easy,https://www.whitegoodshelp.co.uk/beko-washing-machine-error-codes/
Beko,UK,washer,E01,The machine is not detecting the door as closed and locked.,door interlock,door_lock,stop_failure,2.0,cost_ascending,Replace the door lock,"If the error persists, have the interlock switch tested for continuity and the door lock assembly replaced with the model-specific OEM part.",professional_only,https://www.whitegoodshelp.co.uk/beko-washing-machine-error-codes/
Beko,UK,washer,E02,The water is not reaching its target temperature.,heating element,heating,degraded,,,,,,https://www.whitegoodshelp.co.uk/beko-washing-machine-error-codes/
Beko,UK,washer,E03,The machine cannot drain within the expected time.,drain pump,drainage,stop_failure,1.0,cost_ascending,Clear the pump filter and hose,"Unplug the machine, open the bottom access panel with a tray ready, unscrew the pump filter, remove coins and lint, and straighten the drain hose.",moderate,https://www.whitegoodshelp.co.uk/beko-washing-machine-error-codes/
Beko,UK,washer,E03,The machine cannot drain within the expected time.,drain pump,drainage,stop_failure,2.0,cost_ascending,Service the drain pump,"If draining still fails, have the pump motor resistance measured and the pump replaced if the impeller is jammed or the circuit is open.",professional_only,https://www.whitegoodshelp.co.uk/beko-washing-machine-error-codes/
Beko,UK,washer,E04,The machine is not filling within the expected time.,water inlet valve,water_supply,stop_failure,,,,,,https://www.whitegoodshelp.co.uk/beko-washing-machine-error-codes/
Beko,UK,washer,E05,The water-level pressure switch is reading incorrectly.,pressure switch,sensor,degraded,,,,,,https://www.whitegoodshelp.co.uk/beko-washing-machine-error-codes/
Beko,UK,washer,E06,The NTC temperature sensor is not reading correctly.,NTC thermistor,sensor,degraded,,,,,,https://www.whitegoodshelp.co.uk/beko-washing-machine-error-codes/
Beko,UK,washer,E07,A motor or motor-triac circuit fault was detected.,drive motor,motor,stop_failure,,,,,,https://www.whitegoodshelp.co.uk/beko-washing-machine-error-codes/
Beko,UK,washer,E08,A motor or tachometer fault was detected.,tachogenerator,motor,degraded,,,,,,https://www.whitegoodshelp.co.uk/beko-washing-machine-error-codes/
Beko,UK,washer,E09,A door interlock fault was detected (variant code).,door interlock,door_lock,degraded,,,,,,https://www.whitegoodshelp.co.uk/beko-washing-machine-error-codes/
Beko,UK,washer,E10,A door lock or control fault was detected.,door interlock,door_lock,degraded,,,,,,https://www.whitegoodshelp.co.uk/beko-washing-machine-error-codes/
Beko,UK,washer,E11,A motor fault or unbalanced load was detected during spin.,drive motor,unbalanced,degraded,,,,,,https://www.whitegoodshelp.co.uk/beko-washing-machine-error-codes/
Beko,UK,washer,E13,A water leak was detected by the leak-protection system.,internal hoses and seals,leak,stop_failure,,,,,,https://www.whitegoodshelp.co.uk/beko-washing-machine-error-codes/
Beko,UK,washer,E17,A motor or inverter-board fault on induction motor models.,inverter board,motor,degraded,,,,,,https://www.whitegoodshelp.co.uk/beko-washing-machine-error-codes/
Bosch,US,dishwasher,E01,A fault in the heating or pump-control circuit was detected.,heat pump circuit,heating,stop_failure,,,,,,https://www.appliancecodehub.com/bosch/dishwasher/
Bosch,US,dishwasher,E02,A water-heating relay fault was detected.,control board,heating,degraded,,,,,,https://www.appliancecodehub.com/bosch/dishwasher/
Bosch,US,dishwasher,E03,The auxiliary heater relay is faulty.,control board,heating,degraded,,,,,,https://www.appliancecodehub.com/bosch/dishwasher/
Bosch,US,dishwasher,E04,A fault was detected in the water inlet system.,water inlet valve,water_supply,degraded,,,,,,https://www.appliancecodehub.com/bosch/dishwasher/
Bosch,US,dishwasher,E05,A malfunction was detected in the circulation system.,circulation pump,motor,degraded,,,,,,https://www.appliancecodehub.com/bosch/dishwasher/
Bosch,US,dishwasher,E09,The heating element or heat pump is faulty.,heating element,heating,stop_failure,,,,,,https://www.appliancecodehub.com/bosch/dishwasher/
Bosch,US,dishwasher,E12,A water leak was detected.,water inlet system,leak,degraded,,,,,,https://www.appliancecodehub.com/bosch/dishwasher/
Bosch,US,dishwasher,E14,A fault was detected in the door latch mechanism.,door latch assembly,door_lock,stop_failure,,,,,,https://www.appliancecodehub.com/bosch/dishwasher/
Bosch,US,dishwasher,E15,Leak protection triggered after water was detected in the base pan.,leak sensor,leak,stop_failure,1.0,cost_ascending,Drain the base pan and reset,"Cut power and water, tilt the unit back to empty the base tray, mop up remaining water, then restore power and run a short rinse to confirm the float switch reset. Also verify dishwasher-only detergent at the recommended dose.",moderate,https://www.appliancecodehub.com/bosch/dishwasher/
Bosch,US,dishwasher,E15,Leak protection triggered after water was detected in the base pan.,leak sensor,leak,stop_failure,2.0,cost_ascending,Have the leak traced professionally,"If the code returns after draining, have a technician inspect internal hoses, the door seal, and the sump for leaks and replace the failed component.",professional_only,https://www.appliancecodehub.com/bosch/dishwasher/
Bosch,US,dishwasher,E17,A water inlet valve fault was detected.,water inlet valve,water_supply,degraded,,,,,,https://www.appliancecodehub.com/bosch/dishwasher/
Bosch,US,dishwasher,E18,A drainage system fault was detected.,drain pump,drainage,stop_failure,,,,,,https://www.appliancecodehub.com/bosch/dishwasher/
Bosch,US,dishwasher,E22,The filter or circulation pump is restricted or faulty.,circulation pump,motor,degraded,,,,,,https://www.appliancecodehub.com/bosch/dishwasher/
Bosch,US,dishwasher,E23,A heating element fault was detected.,heating element,heating,degraded,,,,,,https://www.appliancecodehub.com/bosch/dishwasher/
Bosch,US,dishwasher,E24,The drain pump is blocked or faulty.,drain pump,drainage,stop_failure,1.0,cost_ascending,Clean the drain filter,"Open the door, remove the bottom rack, twist out the filter assembly, rinse away debris, reinstall, and run a test drain.",easy,https://www.appliancecodehub.com/bosch/dishwasher/
Bosch,US,dishwasher,E24,The drain pump is blocked or faulty.,drain pump,drainage,stop_failure,2.0,cost_ascending,Clear the drain hose,"Cut power, pull the unit out, remove kinks and blockages from the drain hose (flushing it if needed), and reattach with a proper high loop.",moderate,https://www.appliancecodehub.com/bosch/dishwasher/
Bosch,US,dishwasher,E24,The drain pump is blocked or faulty.,drain pump,drainage,stop_failure,3.0,cost_ascending,Service the drain pump,"Disconnect power and water, open the access panels, clear the pump impeller and housing, and replace the pump if it fails to run.",professional_only,https://www.appliancecodehub.com/bosch/dishwasher/
Bosch,US,dishwasher,E25,A blockage was detected in the drain system.,drain system,drainage,stop_failure,,,,,,https://www.appliancecodehub.com/bosch/dishwasher/
Bosch,US,dishwasher,E26,A main control board fault was detected.,control board,control_board,stop_failure,,,,,,https://www.appliancecodehub.com/bosch/dishwasher/
Bosch,US,dishwasher,E27,A sensor or valve fault was detected.,sensor,sensor,degraded,,,,,,https://www.appliancecodehub.com/bosch/dishwasher/
Bosch,US,dishwasher,H01,A door latch error was detected.,door latch mechanism,door_lock,degraded,,,,,,https://www.appliancecodehub.com/bosch/dishwasher/
Bosch,US,washer,E01,A door lock fault is preventing the washer from starting.,door lock,door_lock,stop_failure,,,,,,https://www.appliancecodehub.com/bosch/washing-machine/
Bosch,US,washer,E02,A drainage or motor fault is preventing drum rotation.,drive motor,motor,stop_failure,,,,,,https://www.appliancecodehub.com/bosch/washing-machine/
Bosch,US,washer,E03,"The door lock feedback signal failed, so secure closure cannot be confirmed.",door lock sensor,door_lock,degraded,,,,,,https://www.appliancecodehub.com/bosch/washing-machine/
Bosch,US,washer,E05,A drainage system fault is indicated.,drain system,drainage,,,,,,,https://www.appliancecodehub.com/bosch/washing-machine/
Bosch,US,washer,E11,A water inlet fault is indicated.,water inlet valve,water_supply,,,,,,,https://www.appliancecodehub.com/bosch/washing-machine/
Bosch,US,washer,E13,A drainage fault is indicated.,drain system,drainage,,,,,,,https://www.appliancecodehub.com/bosch/washing-machine/
Bosch,US,washer,E14,A water inlet fault is indicated.,water inlet valve,water_supply,,,,,,,https://www.appliancecodehub.com/bosch/washing-machine/
Bosch,US,washer,E16,A water inlet fault is indicated.,water inlet valve,water_supply,,,,,,,https://www.appliancecodehub.com/bosch/washing-machine/
Bosch,US,washer,E17,A water inlet fault is indicated.,water inlet valve,water_supply,,,,,,,https://www.appliancecodehub.com/bosch/washing-machine/
Bosch,US,washer,E19,A heating fault is indicated.,heating element,heating,,,,,,,https://www.appliancecodehub.com/bosch/washing-machine/
Bosch,US,washer,E20,A drainage fault is indicated.,drain system,drainage,,,,,,,https://www.appliancecodehub.com/bosch/washing-machine/
Bosch,US,washer,E21,A drainage fault is indicated.,drain system,drainage,,,,,,,https://www.appliancecodehub.com/bosch/washing-machine/
Bosch,US,washer,E22,A drainage fault is indicated.,drain system,drainage,,,,,,,https://www.appliancecodehub.com/bosch/washing-machine/
Bosch,US,washer,E24,A drainage fault is indicated.,drain system,drainage,,,,,,,https://www.appliancecodehub.com/bosch/washing-machine/
Bosch,US,washer,E88,A control communication fault is indicated.,control board,communication,,,,,,,https://www.appliancecodehub.com/bosch/washing-machine/
Bosch,US,washer,F16,A door fault is indicated.,door lock,door_lock,,,,,,,https://www.appliancecodehub.com/bosch/washing-machine/
Bosch,US,washer,F18,A drainage fault is indicated.,drain system,drainage,,,,,,,https://www.appliancecodehub.com/bosch/washing-machine/
Bosch,US,washer,F21,A motor fault is indicated.,drive motor,motor,,,,,,,https://www.appliancecodehub.com/bosch/washing-machine/
Bosch,US,washer,F42,A motor fault is indicated.,drive motor,motor,,,,,,,https://www.appliancecodehub.com/bosch/washing-machine/
Bosch,US,washer,F43,A motor fault is indicated.,drive motor,motor,,,,,,,https://www.appliancecodehub.com/bosch/washing-machine/
Candy,UK,washer,E01,The machine is not detecting the door as closed and locked.,door interlock,door_lock,stop_failure,1.0,cost_ascending,Clear the door and reset,"Free any laundry caught in the gasket, close the door until the latch engages, then unplug for a few minutes and retry.",easy,https://www.whitegoodshelp.co.uk/candy-washing-machine-error-codes/
Candy,UK,washer,E01,The machine is not detecting the door as closed and locked.,door interlock,door_lock,stop_failure,2.0,cost_ascending,Replace the door lock,"If the error persists with the door properly closed, have the lock mechanism and its wiring checked for damage and the assembly replaced.",professional_only,https://www.whitegoodshelp.co.uk/candy-washing-machine-error-codes/
Candy,UK,washer,E02,The machine is not filling within the expected time.,water inlet valve,water_supply,stop_failure,1.0,cost_ascending,Restore the water supply,"Open the tap fully, straighten the inlet hose, and clean the inlet filters at the hose and valve.",easy,https://www.whitegoodshelp.co.uk/candy-washing-machine-error-codes/
Candy,UK,washer,E02,The machine is not filling within the expected time.,water inlet valve,water_supply,stop_failure,2.0,cost_ascending,Service the inlet valve and sensor,"If filling still fails, have the inlet valve and pressure switch tested and replaced if defective, and the wiring inspected.",professional_only,https://www.whitegoodshelp.co.uk/candy-washing-machine-error-codes/
Candy,UK,washer,E03,The machine cannot drain within the expected time.,drain pump,drainage,stop_failure,1.0,cost_ascending,Clear the drain path,"Unplug the machine, clean the drain pump filter behind the lower front panel, straighten the drain hose, and confirm the external drain is clear before retesting.",moderate,https://www.whitegoodshelp.co.uk/candy-washing-machine-error-codes/
Candy,UK,washer,E03,The machine cannot drain within the expected time.,drain pump,drainage,stop_failure,2.0,cost_ascending,Service the drain pump,"If draining still fails, have the pump and impeller inspected, the pump tested electrically, the pressure-switch tubing checked, and defective parts replaced.",professional_only,https://www.whitegoodshelp.co.uk/candy-washing-machine-error-codes/
Candy,UK,washer,E04,Too much water was detected in the drum.,pressure switch,water_supply,degraded,,,,,,https://www.whitegoodshelp.co.uk/candy-washing-machine-error-codes/
Candy,UK,washer,E05,The NTC temperature sensor is faulty.,NTC thermistor,sensor,degraded,,,,,,https://www.whitegoodshelp.co.uk/candy-washing-machine-error-codes/
Candy,UK,washer,E06,An EEPROM or control-board memory fault was detected.,control board,control_board,stop_failure,,,,,,https://www.whitegoodshelp.co.uk/candy-washing-machine-error-codes/
Candy,UK,washer,E07,"A door lock or motor fault was detected, varying by model.",door interlock,door_lock,degraded,,,,,,https://www.whitegoodshelp.co.uk/candy-washing-machine-error-codes/
Candy,UK,washer,E08,The motor speed sensor is not reading drum speed correctly.,tachogenerator,motor,degraded,1.0,cost_ascending,Reset and lighten the load,"Disconnect power for five to fifteen minutes, reduce the load, and try a short spin cycle with the door fully latched.",easy,https://www.whitegoodshelp.co.uk/candy-washing-machine-error-codes/
Candy,UK,washer,E08,The motor speed sensor is not reading drum speed correctly.,tachogenerator,motor,degraded,2.0,cost_ascending,Service the motor and tachometer,"If the speed fault returns, have the tachometer output measured, worn carbon brushes replaced, and the motor windings and drive triac checked.",professional_only,https://www.whitegoodshelp.co.uk/candy-washing-machine-error-codes/
Candy,UK,washer,E09,A triac fault was detected on the control board.,control board triac,control_board,degraded,,,,,,https://www.whitegoodshelp.co.uk/candy-washing-machine-error-codes/
Candy,UK,washer,E10,A communication error occurred between control modules.,control board,communication,degraded,,,,,,https://www.whitegoodshelp.co.uk/candy-washing-machine-error-codes/
Candy,UK,washer,E11,A drying-circuit heater fault on washer-dryer models.,drying heater,heating,degraded,,,,,,https://www.whitegoodshelp.co.uk/candy-washing-machine-error-codes/
Candy,UK,washer,E12,A communication fault occurred between modules.,control board,communication,degraded,,,,,,https://www.whitegoodshelp.co.uk/candy-washing-machine-error-codes/
Candy,UK,washer,E13,A control board fault was detected.,control board,control_board,degraded,,,,,,https://www.whitegoodshelp.co.uk/candy-washing-machine-error-codes/
Candy,UK,washer,E14,A control board fault variant was detected.,control board,control_board,degraded,,,,,,https://www.whitegoodshelp.co.uk/candy-washing-machine-error-codes/
Candy,UK,washer,E15,A drying heater fault on washer-dryer models.,drying heater,heating,degraded,,,,,,https://www.whitegoodshelp.co.uk/candy-washing-machine-error-codes/
Candy,UK,washer,E16,A heating element or inverter-board fault was detected.,heating element,heating,degraded,1.0,cost_ascending,Reset and retest,"Unplug for a few minutes, reconnect, close the door fully, and run a short test wash.",easy,https://www.whitegoodshelp.co.uk/candy-washing-machine-error-codes/
Candy,UK,washer,E16,A heating element or inverter-board fault was detected.,heating element,heating,degraded,2.0,cost_ascending,Service the heating circuit,"Have the heater resistance measured and the NTC sensor tested, replacing whichever is open, shorted, or out of range, and inspect the connectors.",professional_only,https://www.whitegoodshelp.co.uk/candy-washing-machine-error-codes/
Candy,UK,washer,E17,No tacho signal: the speed sensor is not detecting drum rotation.,motor speed sensor,motor,degraded,,,,,,https://www.whitegoodshelp.co.uk/candy-washing-machine-error-codes/
Candy,UK,washer,E18,A control board fault was detected.,control board,control_board,degraded,,,,,,https://www.whitegoodshelp.co.uk/candy-washing-machine-error-codes/
Candy,UK,washer,E19,A pressure switch or level sensor fault was detected.,pressure switch,sensor,degraded,,,,,,https://www.whitegoodshelp.co.uk/candy-washing-machine-error-codes/
Candy,UK,washer,E20,A drain pump fault variant or pressure switch error was detected.,drain pump,drainage,degraded,,,,,,https://www.whitegoodshelp.co.uk/candy-washing-machine-error-codes/
Candy,UK,washer,E21,Incorrect current was detected in the motor circuit.,drive motor,motor,degraded,,,,,,https://www.whitegoodshelp.co.uk/candy-washing-machine-error-codes/
Candy,UK,washer,E22,A drum sensor or motor fault was detected.,drum sensor,motor,degraded,,,,,,https://www.whitegoodshelp.co.uk/candy-washing-machine-error-codes/
Frigidaire,US,dishwasher,CE,A communication or configuration fault between the control panel and main board was detected.,control board,communication,,,,,,,https://www.appliancecodehub.com/frigidaire/dishwasher/
Frigidaire,US,dishwasher,CL,The door is open or not securely closed.,door latch,door_lock,stop_failure,,,,,,https://owner.frigidaire.com/support-articles/article/1829620-dishwasher-error-code-guide
Frigidaire,US,dishwasher,HO,Heat delay or heater-on mode is active.,water heating system,informational,informational,,,,,,https://owner.frigidaire.com/support-articles/article/1829620-dishwasher-error-code-guide
Frigidaire,US,dishwasher,I10,A water inlet fault was detected during fill.,water inlet valve,water_supply,,,,,,,https://www.appliancecodehub.com/frigidaire/dishwasher/
Frigidaire,US,dishwasher,I20,The unit did not drain completely.,drain pump,drainage,stop_failure,,,,,,https://owner.frigidaire.com/support-articles/article/1829620-dishwasher-error-code-guide
Frigidaire,US,dishwasher,I30,An overflow condition was detected.,float switch,leak,,,,,,,https://www.appliancecodehub.com/frigidaire/dishwasher/
Frigidaire,US,dishwasher,I40,The filter or sump is clogged.,filter and sump,filter,degraded,,,,,,https://owner.frigidaire.com/support-articles/article/1829620-dishwasher-error-code-guide
Frigidaire,US,dishwasher,I50,A wash motor fault was detected.,motor assembly,motor,,,,,,,https://www.appliancecodehub.com/frigidaire/dishwasher/
Frigidaire,US,dishwasher,IC0,A communication fault was detected in the control electronics.,control board,communication,,,,,,,https://www.appliancecodehub.com/frigidaire/dishwasher/
Frigidaire,US,dishwasher,IF0,A water inlet fault was detected.,water inlet valve,water_supply,,,,,,,https://www.appliancecodehub.com/frigidaire/dishwasher/
Frigidaire,US,dishwasher,LO,A low water level was signaled.,pressure sensor,water_supply,,,,,,,https://www.appliancecodehub.com/frigidaire/dishwasher/
Frigidaire,US,dishwasher,LOC,The door lock indicator is active.,door latch,informational,informational,,,,,,https://owner.frigidaire.com/support-articles/article/1829620-dishwasher-error-code-guide
Frigidaire,US,dishwasher,PF,A power loss occurred.,control board,power,informational,,,,,,https://owner.frigidaire.com/support-articles/article/1829620-dishwasher-error-code-guide
Frigidaire,US,dishwasher,RA,A rinse-aid dispenser fault was detected.,rinse dispenser,dispenser,,,,,,,https://www.appliancecodehub.com/frigidaire/dishwasher/
Frigidaire,US,dishwasher,RE,A temperature probe fault was detected.,temperature sensor,sensor,,,,,,,https://www.appliancecodehub.com/frigidaire/dishwasher/
Frigidaire,US,dishwasher,TU,A turbidity sensor fault was detected.,turbidity sensor,sensor,,,,,,,https://www.appliancecodehub.com/frigidaire/dishwasher/
Frigidaire,US,dishwasher,UO,A drain fault was detected.,drain pump,drainage,,,,,,,https://www.appliancecodehub.com/frigidaire/dishwasher/
Frigidaire,US,washer,E11,The fill time is too long.,water inlet valve,water_supply,stop_failure,1.0,cost_ascending,Restore the incoming water flow,"Open both supply valves fully, straighten kinked inlet hoses, clean the inlet screens, verify household pressure, then power-cycle for one minute and retry.",easy,https://applianceaid.com/frigidaire-frontload-washer-new-fault-codes.php
Frigidaire,US,washer,E11,The fill time is too long.,water inlet valve,water_supply,stop_failure,2.0,cost_ascending,Replace the inlet valve,"If fills stay slow, replace the water inlet valve assembly and check the pressure switch and its hose.",advanced,https://applianceaid.com/frigidaire-frontload-washer-new-fault-codes.php
Frigidaire,US,washer,E13,A water leak in the tub or an air leak in the air bell was detected.,tub seal,leak,degraded,,,,,,https://applianceaid.com/frigidaire-frontload-washer-new-fault-codes.php
Frigidaire,US,washer,E14,A reed switch fault was detected.,reed switch,sensor,degraded,,,,,,https://applianceaid.com/frigidaire-frontload-washer-new-fault-codes.php
Frigidaire,US,washer,E21,Water is not pumping out fast enough.,drain pump,drainage,stop_failure,1.0,cost_ascending,Clear the drain hose and pump filter,"Unplug the washer, straighten and flush the drain hose, clean the pump filter behind the front panel, then run a short drain cycle.",moderate,https://applianceaid.com/frigidaire-frontload-washer-new-fault-codes.php
Frigidaire,US,washer,E21,Water is not pumping out fast enough.,drain pump,drainage,stop_failure,2.0,cost_ascending,Replace the drain pump,"Disconnect power and water, open the access panel, check the impeller for obstructions, and replace the pump if it is jammed or dead.",advanced,https://applianceaid.com/frigidaire-frontload-washer-new-fault-codes.php
Frigidaire,US,washer,E23,The drain-pump relay on the control board failed.,control board,drainage,stop_failure,,,,,,https://applianceaid.com/frigidaire-frontload-washer-new-fault-codes.php
Frigidaire,US,washer,E31,A pressure-sensor communication failure was detected.,pressure sensor,sensor,degraded,,,,,,https://applianceaid.com/frigidaire-frontload-washer-new-fault-codes.php
Frigidaire,US,washer,E35,The pressure sensor indicates a water overfill.,pressure sensor,water_supply,stop_failure,,,,,,https://applianceaid.com/frigidaire-frontload-washer-new-fault-codes.php
Frigidaire,US,washer,E41,The control board reads the door switch as open.,door switch,door_lock,stop_failure,,,,,,https://applianceaid.com/frigidaire-frontload-washer-new-fault-codes.php
Frigidaire,US,washer,E42,The door remains locked after the cycle completes.,door lock solenoid,door_lock,degraded,,,,,,https://applianceaid.com/frigidaire-frontload-washer-new-fault-codes.php
Frigidaire,US,washer,E43,A control board fault was detected.,control board,control_board,stop_failure,,,,,,https://applianceaid.com/frigidaire-frontload-washer-new-fault-codes.php
Frigidaire,US,washer,E47,The door PTC circuit opened during spin.,door PTC circuit,door_lock,degraded,,,,,,https://applianceaid.com/frigidaire-frontload-washer-new-fault-codes.php
Frigidaire,US,washer,E52,A bad signal was received from the tachogenerator.,tachogenerator,sensor,degraded,,,,,,https://applianceaid.com/frigidaire-frontload-washer-new-fault-codes.php
Frigidaire,US,washer,E55,The motor is overheating.,drive motor,motor,stop_failure,,,,,,https://applianceaid.com/frigidaire-frontload-washer-new-fault-codes.php
Frigidaire,US,washer,E57,High current was detected on the inverter.,inverter,motor,stop_failure,,,,,,https://applianceaid.com/frigidaire-frontload-washer-new-fault-codes.php
Frigidaire,US,washer,E5D,A communication problem was detected.,control board,communication,degraded,,,,,,https://applianceaid.com/frigidaire-frontload-washer-new-fault-codes.php
Frigidaire,US,washer,E67,The microprocessor input voltage is incorrect.,control board,power,degraded,,,,,,https://applianceaid.com/frigidaire-frontload-washer-new-fault-codes.php
Frigidaire,US,washer,E75,A water-temperature sensor circuit failure was detected.,temperature sensor,sensor,degraded,,,,,,https://applianceaid.com/frigidaire-frontload-washer-new-fault-codes.php
Frigidaire,US,washer,EF1,The drain pump is clogged.,drain pump,drainage,degraded,,,,,,https://applianceaid.com/frigidaire-frontload-washer-new-fault-codes.php
Frigidaire,US,washer,EF2,Too much detergent was used.,detergent system,suds,degraded,,,,,,https://applianceaid.com/frigidaire-frontload-washer-new-fault-codes.php
GE,US,dishwasher,999,A possible leak was detected or a control reset is needed.,leak protection system,leak,stop_failure,,,,,,https://products.geappliances.com/appliance/gea-support-search-content?contentId=16673
GE,US,dishwasher,C1,The drain pump-out exceeded two minutes.,drain pump,drainage,degraded,,,,,,https://products.geappliances.com/appliance/gea-support-search-content?contentId=16673
GE,US,dishwasher,C2,The total pump-out cycle exceeded seven minutes.,drain pump,drainage,degraded,,,,,,https://products.geappliances.com/appliance/gea-support-search-content?contentId=16673
GE,US,dishwasher,C3,The dishwasher will not drain.,drain system,drainage,stop_failure,1.0,manufacturer_first,Reset the dishwasher,"Disconnect power for a minute or two to clear the fault code, then rerun the cycle; if it will still not drain, service is likely required.",easy,https://products.geappliances.com/appliance/gea-support-search-content?contentId=16673
GE,US,dishwasher,C3,The dishwasher will not drain.,drain system,drainage,stop_failure,2.0,cost_ascending,Replace the drain pump,"If the unit still will not drain after a reset and the sump is clear, disconnect power and water and replace the drain pump.",advanced,https://products.geappliances.com/appliance/gea-support-search-content?contentId=16673
GE,US,dishwasher,C4,"The unit refilled twice after a power loss, suggesting a stuck or failed float switch.",float switch,sensor,degraded,,,,,,https://products.geappliances.com/appliance/gea-support-search-content?contentId=16673
GE,US,dishwasher,C5,The pump-out time was too short.,drain system,drainage,degraded,,,,,,https://products.geappliances.com/appliance/gea-support-search-content?contentId=16673
GE,US,dishwasher,C6,The incoming water temperature is too low.,water heater,temperature,degraded,,,,,,https://products.geappliances.com/appliance/gea-support-search-content?contentId=16673
GE,US,dishwasher,C7,The water-temperature sensor circuit is inoperative.,temperature sensor,sensor,degraded,,,,,,https://products.geappliances.com/appliance/gea-support-search-content?contentId=16673
GE,US,dishwasher,C8,The detergent cup is blocked from opening fully.,detergent dispenser,dispenser,degraded,,,,,,https://products.geappliances.com/appliance/gea-support-search-content?contentId=16673
GE,US,dishwasher,F56,The dishwasher failed to drain.,drain system,drainage,stop_failure,1.0,manufacturer_first,Reset the dishwasher,"Disconnect power for a minute or two to clear the fault code, then rerun the cycle; if drainage still fails, service is likely required.",easy,https://products.geappliances.com/appliance/gea-support-search-content?contentId=16673
GE,US,dishwasher,H2O,A low incoming-water condition was detected.,water inlet,water_supply,degraded,,,,,,https://products.geappliances.com/appliance/gea-support-search-content?contentId=16673
GE,US,dishwasher,PF,A power failure occurred.,control board,power,informational,,,,,,https://products.geappliances.com/appliance/gea-support-search-content?contentId=16673
GE,US,dishwasher,PRS,The pressure sensor is sending an invalid signal.,pressure sensor,sensor,degraded,,,,,,https://products.geappliances.com/appliance/gea-support-search-content?contentId=16673
GE,US,oven_range,F0,A key panel fault was detected; the panel typically needs replacement.,key panel,control_board,degraded,1.0,manufacturer_first,Reset then replace the key panel,"Switch the breaker off for a minute or two; if the code returns, the key panel needs replacement by a technician.",professional_only,https://products.geappliances.com/appliance/gea-support-search-content?contentId=16238
GE,US,oven_range,F1,A key panel fault was detected; the panel typically needs replacement.,key panel,control_board,degraded,1.0,manufacturer_first,Reset then replace the key panel,"Switch the breaker off for a minute or two; if the code returns, the key panel needs replacement by a technician.",professional_only,https://products.geappliances.com/appliance/gea-support-search-content?contentId=16238
GE,US,oven_range,F2,The oven temperature exceeded the preset threshold.,temperature control,temperature,stop_failure,1.0,manufacturer_first,Reset then request service,"Switch the breaker off for a minute or two; if the over-temperature code returns, request service.",professional_only,https://products.geappliances.com/appliance/gea-support-search-content?contentId=16238
GE,US,oven_range,F3,The oven temperature sensor needs replacement.,oven sensor,sensor,degraded,1.0,manufacturer_first,Reset then replace the oven sensor,"Switch the breaker off for a minute or two; if the code returns, the oven temperature sensor needs replacement.",professional_only,https://products.geappliances.com/appliance/gea-support-search-content?contentId=16238
GE,US,oven_range,F350,The upper cooling fan circuit is faulty or obstructed.,cooling fan,fan,degraded,1.0,manufacturer_first,Clear the fan obstruction,Reset at the breaker and clear any obstruction at the upper cooling fan; replace the fan if the code returns.,moderate,https://products.geappliances.com/appliance/gea-support-search-content?contentId=16238
GE,US,oven_range,F4,The oven temperature sensor needs replacement.,oven sensor,sensor,degraded,1.0,manufacturer_first,Reset then replace the oven sensor,"Switch the breaker off for a minute or two; if the code returns, the oven temperature sensor needs replacement.",professional_only,https://products.geappliances.com/appliance/gea-support-search-content?contentId=16238
GE,US,oven_range,F5,The electronic oven control needs replacement.,electronic control,control_board,stop_failure,1.0,manufacturer_first,Reset then replace the control,"Switch the breaker off for a minute or two; if the code returns, the electronic oven control needs replacement.",professional_only,https://products.geappliances.com/appliance/gea-support-search-content?contentId=16238
GE,US,oven_range,F6,A key panel fault was detected; the panel typically needs replacement.,key panel,control_board,degraded,1.0,manufacturer_first,Reset then replace the key panel,"Switch the breaker off for a minute or two; if the code returns, the key panel needs replacement by a technician.",professional_only,https://products.geappliances.com/appliance/gea-support-search-content?contentId=16238
GE,US,oven_range,F7,A key panel fault was detected; the panel typically needs replacement.,key panel,control_board,degraded,1.0,manufacturer_first,Reset then replace the key panel,"Switch the breaker off for a minute or two; if the code returns, the key panel needs replacement by a technician.",professional_only,https://products.geappliances.com/appliance/gea-support-search-content?contentId=16238
GE,US,oven_range,F8,The electronic oven control needs replacement.,electronic control,control_board,stop_failure,1.0,manufacturer_first,Reset then replace the control,"Switch the breaker off for a minute or two; if the code returns, the electronic oven control needs replacement.",professional_only,https://products.geappliances.com/appliance/gea-support-search-content?contentId=16238
GE,US,oven_range,F9,A component in the door lock circuit failed.,door lock circuit,door_lock,stop_failure,1.0,manufacturer_first,Reset then request service,"Switch the breaker off for a minute or two; if the door-lock circuit code returns, request service.",professional_only,https://products.geappliances.com/appliance/gea-support-search-content?contentId=16238
GE,US,oven_range,F96,An internal component needs replacement.,internal component,control_board,degraded,1.0,manufacturer_first,Reset then request service,"Switch the breaker off for a minute or two; if the code returns, an internal component needs professional replacement.",professional_only,https://products.geappliances.com/appliance/gea-support-search-content?contentId=16238
GE,US,oven_range,F97,An internal component needs replacement.,internal component,control_board,degraded,1.0,manufacturer_first,Reset then request service,"Switch the breaker off for a minute or two; if the code returns, an internal component needs professional replacement.",professional_only,https://products.geappliances.com/appliance/gea-support-search-content?contentId=16238
GE,US,oven_range,FC,A component in the door lock circuit failed.,door lock circuit,door_lock,stop_failure,1.0,manufacturer_first,Reset then request service,"Switch the breaker off for a minute or two; if the door-lock circuit code returns, request service.",professional_only,https://products.geappliances.com/appliance/gea-support-search-content?contentId=16238
GE,US,oven_range,FD,The meat probe or its receptacle is faulty.,meat probe,sensor,degraded,1.0,manufacturer_first,Check the probe and receptacle,"Reseat or remove the meat probe; if the code returns, the probe or its receptacle needs replacement.",moderate,https://products.geappliances.com/appliance/gea-support-search-content?contentId=16238
GE,US,oven_range,FF,The electronic oven control needs replacement.,electronic control,control_board,stop_failure,1.0,manufacturer_first,Reset then replace the control,"Switch the breaker off for a minute or two; if the code returns, the electronic oven control needs replacement.",professional_only,https://products.geappliances.com/appliance/gea-support-search-content?contentId=16238
Hoover,UK,washer,E00,A control module (EEPROM or main board) fault was detected.,control board,control_board,stop_failure,,,,,,https://www.whitegoodshelp.co.uk/hoover-washing-machine-error-codes/
Hoover,UK,washer,E01,The door lock (or drum-brake safety device on older collector-motor models) is not engaging correctly.,door interlock,door_lock,stop_failure,1.0,cost_ascending,Check the door and reset,"Close the door firmly until it clicks, clear debris from the seal, and disconnect power for five to ten minutes before retrying.",easy,https://www.whitegoodshelp.co.uk/hoover-washing-machine-error-codes/
Hoover,UK,washer,E01,The door lock (or drum-brake safety device on older collector-motor models) is not engaging correctly.,door interlock,door_lock,stop_failure,2.0,cost_ascending,Replace the door lock,"If the error persists, have the interlock tested for continuity during the lock command and the door lock assembly replaced; check the control board if it continues.",professional_only,https://www.whitegoodshelp.co.uk/hoover-washing-machine-error-codes/
Hoover,UK,washer,E02,The machine is not filling within the expected time.,water inlet valve,water_supply,stop_failure,1.0,cost_ascending,Restore the water supply,"Confirm the supply is on with sufficient pressure, straighten the fill hose, verify flow into a bucket, and clean the inlet filters.",easy,https://www.whitegoodshelp.co.uk/hoover-washing-machine-error-codes/
Hoover,UK,washer,E02,The machine is not filling within the expected time.,water inlet valve,water_supply,stop_failure,2.0,cost_ascending,Replace the inlet valve,"If filling still fails, have the inlet valve coil resistance tested and the valve replaced if open-circuit or stuck; check the pressure switch and board inputs next.",professional_only,https://www.whitegoodshelp.co.uk/hoover-washing-machine-error-codes/
Hoover,UK,washer,E03,The machine is not draining within the expected time.,drain pump,drainage,stop_failure,1.0,cost_ascending,Clear the drain filter and hose,"Unplug the machine, remove debris from the drain filter behind the lower panel, and check the rear drain hose for kinks or blockages, flushing it if needed.",moderate,https://www.whitegoodshelp.co.uk/hoover-washing-machine-error-codes/
Hoover,UK,washer,E03,The machine is not draining within the expected time.,drain pump,drainage,stop_failure,2.0,cost_ascending,Service the drain pump,"If water still will not drain, have the impeller checked for free movement, the motor continuity measured, and the pump assembly replaced if faulty.",professional_only,https://www.whitegoodshelp.co.uk/hoover-washing-machine-error-codes/
Hoover,UK,washer,E04,The NTC temperature sensor is not reading correctly.,NTC thermistor,sensor,degraded,,,,,,https://www.whitegoodshelp.co.uk/hoover-washing-machine-error-codes/
Hoover,UK,washer,E05,A heating circuit fault in the element or relay was detected.,heating element,heating,degraded,1.0,cost_ascending,Reset and lighten the load,"Unplug for a few minutes, reduce the load, and restart a wash cycle.",easy,https://www.whitegoodshelp.co.uk/hoover-washing-machine-error-codes/
Hoover,UK,washer,E05,A heating circuit fault in the element or relay was detected.,heating element,heating,degraded,2.0,cost_ascending,Service the heating circuit,"Have the NTC sensor resistance measured against expected values and the heating element checked, replacing the faulty part.",professional_only,https://www.whitegoodshelp.co.uk/hoover-washing-machine-error-codes/
Hoover,UK,washer,E06,The motor tachometer or speed sensor is not reading correctly.,motor speed sensor,motor,degraded,,,,,,https://www.whitegoodshelp.co.uk/hoover-washing-machine-error-codes/
Hoover,UK,washer,E07,"A door lock fault on newer models, or a motor-triac fault on older ones.",door interlock,door_lock,degraded,,,,,,https://www.whitegoodshelp.co.uk/hoover-washing-machine-error-codes/
Hoover,UK,washer,E08,A motor speed sensor (tachometer) fault was detected.,motor speed sensor,motor,degraded,,,,,,https://www.whitegoodshelp.co.uk/hoover-washing-machine-error-codes/
Hoover,UK,washer,E09,A triac fault on the control board (or motor/drum fault on older collector-motor models).,control board triac,control_board,degraded,,,,,,https://www.whitegoodshelp.co.uk/hoover-washing-machine-error-codes/
Hoover,UK,washer,E10,A communication or board error was detected.,control board,communication,degraded,,,,,,https://www.whitegoodshelp.co.uk/hoover-washing-machine-error-codes/
Hoover,UK,washer,E11,A fill timeout variant (or internal communication fault on older models).,water inlet valve,water_supply,degraded,,,,,,https://www.whitegoodshelp.co.uk/hoover-washing-machine-error-codes/
Hoover,UK,washer,E12,A motor driver fault was detected.,motor driver circuit,motor,degraded,,,,,,https://www.whitegoodshelp.co.uk/hoover-washing-machine-error-codes/
Hoover,UK,washer,E13,A pressure switch or water-level sensor fault was detected.,pressure switch,sensor,degraded,,,,,,https://www.whitegoodshelp.co.uk/hoover-washing-machine-error-codes/
Hoover,UK,washer,E14,A secondary pressure-switch reading is incorrect.,pressure switch,sensor,degraded,,,,,,https://www.whitegoodshelp.co.uk/hoover-washing-machine-error-codes/
Hoover,UK,washer,E15,The motor is drawing excessive current.,drive motor,motor,stop_failure,,,,,,https://www.whitegoodshelp.co.uk/hoover-washing-machine-error-codes/
Hoover,UK,washer,E16,An inverter or motor driver board fault was detected.,inverter board,motor,degraded,,,,,,https://www.whitegoodshelp.co.uk/hoover-washing-machine-error-codes/
Hoover,UK,washer,E17,Overheating: the water temperature is too high.,NTC thermistor,temperature,stop_failure,,,,,,https://www.whitegoodshelp.co.uk/hoover-washing-machine-error-codes/
Hoover,UK,washer,E18,A secondary temperature-sensor reading error was detected.,NTC thermistor,sensor,degraded,,,,,,https://www.whitegoodshelp.co.uk/hoover-washing-machine-error-codes/
Hoover,UK,washer,E19,An internal data bus communication error was detected.,control board,communication,degraded,,,,,,https://www.whitegoodshelp.co.uk/hoover-washing-machine-error-codes/
Hoover,UK,washer,E20,Overspeed: the drum is spinning faster than expected.,inverter board,motor,stop_failure,,,,,,https://www.whitegoodshelp.co.uk/hoover-washing-machine-error-codes/
Hoover,UK,washer,E21,Incorrect current was detected in the motor circuit.,drive motor,motor,degraded,,,,,,https://www.whitegoodshelp.co.uk/hoover-washing-machine-error-codes/
Hoover,UK,washer,E22,A motor driver fault variant was detected.,inverter board,motor,degraded,,,,,,https://www.whitegoodshelp.co.uk/hoover-washing-machine-error-codes/
Hotpoint,UK,washer,F01,The electronic control board is not operating correctly.,control board,control_board,stop_failure,1.0,cost_ascending,Reset the machine,"Unplug from the mains for two to five minutes, reconnect, wait half a minute, and try a cycle.",easy,https://www.whitegoodshelp.co.uk/hotpoint-washing-machine-error-codes/
Hotpoint,UK,washer,F01,The electronic control board is not operating correctly.,control board,control_board,stop_failure,2.0,cost_ascending,Service the board and motor wiring,"Have the motor-to-board harness checked for burnt or loose pins, the motor windings tested, and the PCB (including the triac) replaced if diagnostics confirm failure.",professional_only,https://www.whitegoodshelp.co.uk/hotpoint-washing-machine-error-codes/
Hotpoint,UK,washer,F02,A motor circuit fault affecting drum rotation was detected.,drive motor,motor,stop_failure,,,,,,https://www.whitegoodshelp.co.uk/hotpoint-washing-machine-error-codes/
Hotpoint,UK,washer,F03,The NTC temperature sensor is not reading correctly.,NTC thermistor,sensor,degraded,,,,,,https://www.whitegoodshelp.co.uk/hotpoint-washing-machine-error-codes/
Hotpoint,UK,washer,F05,The machine is unable to drain its waste water.,drain pump,drainage,stop_failure,1.0,cost_ascending,Clear the pump filter and drain hose,"Unplug the machine, clear the pump filter and drain hose, and check the pressure-switch tube for blockage - the switch stuck on full is the usual cause.",moderate,https://www.whitegoodshelp.co.uk/hotpoint-washing-machine-error-codes/
Hotpoint,UK,washer,F05,The machine is unable to drain its waste water.,drain pump,drainage,stop_failure,2.0,cost_ascending,Replace the drain pump,"If the drain path and pressure tube are clear and F05 returns, disconnect power and water and replace the drain pump.",advanced,https://www.whitegoodshelp.co.uk/hotpoint-washing-machine-error-codes/
Hotpoint,UK,washer,F06,"The drum is not rotating, from a motor or brush fault.",motor brushes,motor,stop_failure,,,,,,https://www.whitegoodshelp.co.uk/hotpoint-washing-machine-error-codes/
Hotpoint,UK,washer,F07,A pressure-switch or water-level fault was detected.,pressure switch,sensor,degraded,,,,,,https://www.whitegoodshelp.co.uk/hotpoint-washing-machine-error-codes/
Hotpoint,UK,washer,F08,The heater relay cannot activate or is stuck; heater and pressure-switch connections are implicated.,heating relay,heating,stop_failure,1.0,cost_ascending,Reset and recheck,"Unplug for a few minutes to clear transient faults, confirm hoses are connected and unkinked, then restart.",easy,https://www.whitegoodshelp.co.uk/hotpoint-washing-machine-error-codes/
Hotpoint,UK,washer,F08,The heater relay cannot activate or is stuck; heater and pressure-switch connections are implicated.,heating relay,heating,stop_failure,2.0,cost_ascending,Service the heating circuit,"Have the heating element continuity measured, the heater relay section of the PCB inspected, and the pressure-switch wiring checked; replace whichever component fails.",professional_only,https://www.whitegoodshelp.co.uk/hotpoint-washing-machine-error-codes/
Hotpoint,UK,washer,F09,An overheating or heating-relay fault was detected.,heating relay,heating,degraded,,,,,,https://www.whitegoodshelp.co.uk/hotpoint-washing-machine-error-codes/
Hotpoint,UK,washer,F10,A cold-fill or motor-control fault was detected.,water inlet valve,water_supply,degraded,,,,,,https://www.whitegoodshelp.co.uk/hotpoint-washing-machine-error-codes/
Hotpoint,UK,washer,F11,No hot fill on dual-inlet machines.,hot inlet valve,water_supply,degraded,,,,,,https://www.whitegoodshelp.co.uk/hotpoint-washing-machine-error-codes/
Hotpoint,UK,washer,F12,No mixed fill on dual-inlet machines.,inlet valves,water_supply,degraded,,,,,,https://www.whitegoodshelp.co.uk/hotpoint-washing-machine-error-codes/
Hotpoint,UK,washer,F13,A water-supply or inlet-valve fault was detected.,water inlet valve,water_supply,degraded,,,,,,https://www.whitegoodshelp.co.uk/hotpoint-washing-machine-error-codes/
Hotpoint,UK,washer,F14,The pressure switch is jammed reading empty.,pressure switch,sensor,degraded,,,,,,https://www.whitegoodshelp.co.uk/hotpoint-washing-machine-error-codes/
Hotpoint,UK,washer,F15,An electronic control board fault was detected on specific models.,control board,control_board,degraded,,,,,,https://www.whitegoodshelp.co.uk/hotpoint-washing-machine-error-codes/
Hotpoint,UK,washer,F16,A door lock fault was detected on specific models.,door interlock,door_lock,degraded,1.0,cost_ascending,Replace the door interlock,"After confirming nothing blocks the door and a reset does not clear the fault, disconnect power and replace the door interlock (the component this code attributes).",advanced,https://www.whitegoodshelp.co.uk/hotpoint-washing-machine-error-codes/
Hotpoint,UK,washer,F17,A water-level fault was detected.,pressure switch,sensor,degraded,,,,,,https://www.whitegoodshelp.co.uk/hotpoint-washing-machine-error-codes/
Hotpoint,UK,washer,F18,A drain pump fault was detected on specific models.,drain pump,drainage,stop_failure,,,,,,https://www.whitegoodshelp.co.uk/hotpoint-washing-machine-error-codes/
Indesit,UK,washer,F01,The electronic control board is not operating correctly.,control board,control_board,stop_failure,,,,,,https://www.whitegoodshelp.co.uk/indesit-washing-machine-error-codes/
Indesit,UK,washer,F02,A motor circuit fault affecting drum rotation was detected.,drive motor,motor,stop_failure,,,,,,https://www.whitegoodshelp.co.uk/indesit-washing-machine-error-codes/
Indesit,UK,washer,F03,The NTC temperature sensor is not reading correctly.,NTC thermistor,sensor,degraded,,,,,,https://www.whitegoodshelp.co.uk/indesit-washing-machine-error-codes/
Indesit,UK,washer,F04,The pressure switch registers no water or an incorrect level.,pressure switch,sensor,degraded,,,,,,https://www.whitegoodshelp.co.uk/indesit-washing-machine-error-codes/
Indesit,UK,washer,F05,The machine is unable to drain its waste water.,drain pump,drainage,stop_failure,1.0,cost_ascending,Clear the pump filter and drain hose,"Unplug the machine, clear the pump filter and drain hose, and check the pressure-switch tube for blockage - the switch stuck on full is the usual cause.",moderate,https://www.whitegoodshelp.co.uk/indesit-washing-machine-error-codes/
Indesit,UK,washer,F05,The machine is unable to drain its waste water.,drain pump,drainage,stop_failure,2.0,cost_ascending,Replace the drain pump,"If the drain path and pressure tube are clear and F05 returns, disconnect power and water and replace the drain pump.",advanced,https://www.whitegoodshelp.co.uk/indesit-washing-machine-error-codes/
Indesit,UK,washer,F06,"The drum is not rotating, from a motor or brush fault.",motor brushes,motor,stop_failure,,,,,,https://www.whitegoodshelp.co.uk/indesit-washing-machine-error-codes/
Indesit,UK,washer,F07,A tachogenerator or motor speed-sensor fault was detected.,tachogenerator,sensor,degraded,,,,,,https://www.whitegoodshelp.co.uk/indesit-washing-machine-error-codes/
Indesit,UK,washer,F08,The heater relay cannot activate or is stuck; heater and pressure-switch connections are implicated.,heating relay,heating,stop_failure,1.0,cost_ascending,Reset and recheck,Unplug for two to five minutes and restart a short cycle.,easy,https://www.whitegoodshelp.co.uk/indesit-washing-machine-error-codes/
Indesit,UK,washer,F08,The heater relay cannot activate or is stuck; heater and pressure-switch connections are implicated.,heating relay,heating,stop_failure,2.0,cost_ascending,Service the heating circuit,"Have the heating element and NTC tested for continuity, the heater-relay section of the PCB inspected for burn marks, and the pressure-switch wiring checked.",professional_only,https://www.whitegoodshelp.co.uk/indesit-washing-machine-error-codes/
Indesit,UK,washer,F09,An overheating or heating-relay fault was detected.,heating element,heating,degraded,,,,,,https://www.whitegoodshelp.co.uk/indesit-washing-machine-error-codes/
Indesit,UK,washer,F10,"A fill or motor-control fault was detected, varying by model generation.",water inlet valve,water_supply,degraded,,,,,,https://www.whitegoodshelp.co.uk/indesit-washing-machine-error-codes/
Indesit,UK,washer,F11,No hot fill on dual-inlet machines.,hot inlet valve,water_supply,degraded,,,,,,https://www.whitegoodshelp.co.uk/indesit-washing-machine-error-codes/
Indesit,UK,washer,F12,No mixed fill on dual-inlet machines.,inlet valves,water_supply,degraded,,,,,,https://www.whitegoodshelp.co.uk/indesit-washing-machine-error-codes/
Indesit,UK,washer,F13,A water-supply or inlet-valve fault was detected.,water inlet valve,water_supply,degraded,,,,,,https://www.whitegoodshelp.co.uk/indesit-washing-machine-error-codes/
Indesit,UK,washer,F15,An electronic control board fault was detected on specific models.,control board,control_board,degraded,,,,,,https://www.whitegoodshelp.co.uk/indesit-washing-machine-error-codes/
Indesit,UK,washer,F16,A door lock fault was detected on specific models.,door interlock,door_lock,degraded,1.0,cost_ascending,Replace the door interlock,"After confirming nothing blocks the door and a reset does not clear the fault, disconnect power and replace the door interlock (the component this code attributes).",advanced,https://www.whitegoodshelp.co.uk/indesit-washing-machine-error-codes/
Indesit,UK,washer,F17,The pressure switch is reading an abnormal water level.,pressure switch,sensor,degraded,,,,,,https://www.whitegoodshelp.co.uk/indesit-washing-machine-error-codes/
Indesit,UK,washer,F18,A drain pump fault was detected on specific models.,drain pump,drainage,stop_failure,,,,,,https://www.whitegoodshelp.co.uk/indesit-washing-machine-error-codes/
LG,US,dishwasher,BE,Excess suds formed from the wrong detergent or an unlevel installation.,detergent system,suds,degraded,1.0,manufacturer_first,Correct detergent and leveling,"Use only dishwasher detergent, verify the unit is level front-to-back and side-to-side, and clear existing suds before restarting.",easy,https://www.lg.com/us/support/help-library/lg-dishwasher-error-code-list--20150933422943
LG,US,dishwasher,CL,The child-lock or control-lock feature is engaged.,control panel,informational,informational,,,,,,https://www.lg.com/us/support/help-library/lg-dishwasher-error-code-list--20150933422943
LG,US,dishwasher,E1,Overfill or leak protection was triggered by the flow switch.,flow switch,leak,stop_failure,1.0,manufacturer_first,Dry out the flow switch,"Confirm the door seals fully and the unit is level, then unplug and let it dry completely so the flow switch resets.",moderate,https://www.lg.com/us/support/help-library/lg-dishwasher-error-code-list--20150933422943
LG,US,dishwasher,FE,The tub filled beyond the safe level and drained automatically.,water inlet valve,water_supply,stop_failure,1.0,manufacturer_first,Power-cycle at the breaker,"Turn the unit off, switch the breaker off for ten seconds and back on, then start a new cycle; if the fault returns, service is required.",moderate,https://www.lg.com/us/support/help-library/lg-dishwasher-error-code-list--20150933422943
LG,US,dishwasher,HE,A water-heating fault was detected.,heating element,heating,degraded,1.0,manufacturer_first,Power-cycle at the breaker,"Turn the unit off, switch the breaker off for ten seconds and back on, then start a new cycle; if the fault returns, service is required.",moderate,https://www.lg.com/us/support/help-library/lg-dishwasher-error-code-list--20150933422943
LG,US,dishwasher,IE,Insufficient water reached the tub within the fill window.,water inlet valve,water_supply,stop_failure,1.0,manufacturer_first,Verify the water supply,"Confirm the water line is connected and the supply valve is open, check pressure is adequate, and remove any kinks in the line.",easy,https://www.lg.com/us/support/help-library/lg-dishwasher-error-code-list--20150933422943
LG,US,dishwasher,LE,A drive-motor fault or wiring-harness problem was detected.,wash motor,motor,stop_failure,1.0,manufacturer_first,Power-cycle at the breaker,"Turn the unit off, switch the breaker off for ten seconds and back on, then start a new cycle; if the fault returns, service is required.",moderate,https://www.lg.com/us/support/help-library/lg-dishwasher-error-code-list--20150933422943
LG,US,dishwasher,NE,The vario motor that diverts water to the spray arms is faulty.,vario motor,motor,stop_failure,1.0,manufacturer_first,Request professional service,This vario-motor fault has no user-serviceable remedy; contact a qualified service technician.,professional_only,https://www.lg.com/us/support/help-library/lg-dishwasher-error-code-list--20150933422943
LG,US,dishwasher,OE,The tub did not empty properly during the drain phase.,drain pump,drainage,stop_failure,1.0,manufacturer_first,Clear the drain,"Check the drain hose for kinks or blockage and clear it; if connected to a disposal, confirm the drain knockout plug was removed.",moderate,https://www.lg.com/us/support/help-library/lg-dishwasher-error-code-list--20150933422943
LG,US,dishwasher,OE,The tub did not empty properly during the drain phase.,drain pump,drainage,stop_failure,2.0,cost_ascending,Replace the drain pump motor,"If the hose and drain path are clear and the code returns, disconnect power and water and replace the drain pump motor assembly.",advanced,https://www.lg.com/us/support/help-library/lg-dishwasher-error-code-list--20150933422943
LG,US,dishwasher,PF,A power failure occurred during the cycle.,control board,power,informational,1.0,manufacturer_first,Confirm dedicated power,"Ensure the dishwasher is on a dedicated fifteen-amp circuit without an extension cord, then press any panel key to clear the display after an outage.",easy,https://www.lg.com/us/support/help-library/lg-dishwasher-error-code-list--20150933422943
LG,US,dishwasher,TE,Water temperature exceeded the safe limit or the thermistor is faulty.,thermistor,temperature,degraded,1.0,manufacturer_first,Request professional service,This thermal fault has no user-serviceable remedy; contact a qualified service technician.,professional_only,https://www.lg.com/us/support/help-library/lg-dishwasher-error-code-list--20150933422943
LG,US,dryer,D80,Airflow through the exhaust duct is restricted by roughly eighty percent.,exhaust duct,ventilation,degraded,1.0,manufacturer_first,Clear the exhaust duct,Check for lint buildup at the rear exhaust duct and inspect the full run for crushed or kinked sections; use a professional vent-cleaning service for blockages inside walls.,moderate,https://www.lg.com/us/support/help-library/lg-dryer-error-code-list--20152310891742
LG,US,dryer,D90,Airflow through the exhaust duct is restricted by roughly ninety percent.,exhaust duct,ventilation,degraded,1.0,manufacturer_first,Clear the exhaust duct,Check for lint buildup at the rear exhaust duct and inspect the full run for crushed or kinked sections; use a professional vent-cleaning service for blockages inside walls.,moderate,https://www.lg.com/us/support/help-library/lg-dryer-error-code-list--20152310891742
LG,US,dryer,DE,The door is not fully closed or is obstructed.,door,door_lock,degraded,1.0,manufacturer_first,Reseat the filter and door,"Push the lint filter all the way in, clear any clothing from the door, then unplug for five seconds and retry the cycle.",easy,https://www.lg.com/us/support/help-library/lg-dryer-error-code-list--20152310891742
LG,US,dryer,E05,A water-supply problem affected the steam cycle.,water inlet valve,water_supply,degraded,1.0,manufacturer_first,Restore steam water supply,"Check the tap is not frozen or clogged and is fully open, verify flow through the inlet hose, and clean the inlet filter.",easy,https://www.lg.com/us/support/help-library/lg-dryer-error-code-list--20152310891742
LG,US,dryer,E13,"The drain hose is kinked or clogged, or sump water has frozen on condensing models.",drain hose,drainage,stop_failure,1.0,manufacturer_first,Clear the drain hose,"Straighten and unclog the drain hose (use only a standard LG hose), then press Start/Pause; request service if the error repeats.",easy,https://www.lg.com/us/support/help-library/lg-dryer-error-code-list--20152310891742
LG,US,dryer,E21,Tub drainage took too long on condensing or steam models.,drain pump,drainage,stop_failure,1.0,manufacturer_first,Clear the drain path,"Straighten the drain hose, check for blockages, and clean residue from the drain pump filter.",easy,https://www.lg.com/us/support/help-library/lg-dryer-error-code-list--20152310891742
LG,US,dryer,F0,The lint filter is missing or not seated correctly.,lint filter housing,ventilation,degraded,1.0,manufacturer_first,Reseat the lint filter,Remove the lint filter and reinsert it fully into the housing; request service if the code stays.,easy,https://www.lg.com/us/support/help-library/lg-dryer-error-code-list--20152310891742
LG,US,dryer,GAS,No gas supply is reaching the burner on gas models.,gas valve,gas,stop_failure,1.0,manufacturer_first,Restore the gas supply,"Confirm the gas valve is fully open and the line is unkinked; contact the installer for new installations, or request service if the valve is open and the error continues.",moderate,https://www.lg.com/us/support/help-library/lg-dryer-error-code-list--20152310891742
LG,US,dryer,HS,"The moisture (humidity) sensor is faulty, extending drying time.",humidity sensor,sensor,degraded,1.0,manufacturer_first,Clean the moisture sensors,Wipe the sensor bars below the lint filter with a damp cloth and let them dry fully before the next cycle.,easy,https://www.lg.com/us/support/help-library/lg-dryer-error-code-list--20152310891742
LG,US,dryer,NP,"No current is being sensed at the heater, usually a home wiring or supply issue.",heater circuit,power,stop_failure,1.0,manufacturer_first,Verify the power connection,"Confirm the cord is secure in a grounded 240V outlet matching the rating plate, reset the breaker for ten seconds, and have an electrician verify the voltage if the code persists.",moderate,https://www.lg.com/us/support/help-library/lg-dryer-error-code-list--20152310891742
LG,US,dryer,PF,Power to the dryer was interrupted and a reset is required.,control board,power,informational,1.0,manufacturer_first,Reset after the outage,"Unplug or trip the breaker, hold Start/Pause for five seconds while unpowered, restore power, and retry.",easy,https://www.lg.com/us/support/help-library/lg-dryer-error-code-list--20152310891742
LG,US,dryer,PS,"Improper voltage at the power cord, typically from reversed terminal wiring.",power cord and terminal block,power,stop_failure,1.0,manufacturer_first,Correct the terminal wiring,"Check the power-cord installation at the terminal block for reversed white and red wires, reset the breaker, and confirm a 240V connection.",professional_only,https://www.lg.com/us/support/help-library/lg-dryer-error-code-list--20152310891742
LG,US,dryer,TE1,The primary temperature thermistor is reporting a fault.,thermistor,temperature,degraded,1.0,manufacturer_first,Reset the dryer,"Unplug or trip the breaker, hold Start/Pause for five seconds while unpowered, restore power, and retry; request service if it returns.",easy,https://www.lg.com/us/support/help-library/lg-dryer-error-code-list--20152310891742
LG,US,dryer,TE1,The primary temperature thermistor is reporting a fault.,thermistor,temperature,degraded,2.0,cost_ascending,Replace the thermistor,"If the temperature fault returns after the reset, disconnect power and replace the thermistor assembly on the blower housing.",advanced,https://www.lg.com/us/support/help-library/lg-dryer-error-code-list--20152310891742
LG,US,dryer,TE3,A secondary temperature thermistor is reporting a fault.,thermistor,temperature,degraded,1.0,manufacturer_first,Reset the dryer,"Unplug or trip the breaker, hold Start/Pause for five seconds while unpowered, restore power, and retry; request service if it returns.",easy,https://www.lg.com/us/support/help-library/lg-dryer-error-code-list--20152310891742
LG,US,oven_range,5B,Sabbath mode is active.,control system,informational,informational,1.0,manufacturer_first,Exit Sabbath mode,"Press Bake, set a temperature with the plus/minus keys, press Start, then hold Clock for three seconds.",easy,https://www.lg.com/us/support/help-library/lg-range-error-codes-list--20150154166283
LG,US,oven_range,F1,The upper oven thermistor is reporting a fault.,oven thermistor,sensor,degraded,1.0,manufacturer_first,Clear and reset,"Press Clear/Off and retry; if the thermistor code persists, cycle the breaker for thirty seconds and request service if it returns.",easy,https://www.lg.com/us/support/help-library/lg-range-error-codes-list--20150154166283
LG,US,oven_range,F10,The upper oven door locking system failed.,door lock,door_lock,stop_failure,1.0,manufacturer_first,Clear and reset the door lock,"Press Clear/Off and retry; if the locking system error persists, cycle the breaker and request service.",easy,https://www.lg.com/us/support/help-library/lg-range-error-codes-list--20150154166283
LG,US,oven_range,F16,An oven sensor fault was detected.,oven sensor,sensor,degraded,1.0,manufacturer_first,Clear and reset,"Press Clear/Off and retry; if the sensor code persists, cycle the breaker and request service.",easy,https://www.lg.com/us/support/help-library/lg-range-error-codes-list--20150154166283
LG,US,oven_range,F2,The upper oven thermistor is reporting a fault.,oven thermistor,sensor,degraded,1.0,manufacturer_first,Clear and reset,"Press Clear/Off and retry; if the thermistor code persists, cycle the breaker for thirty seconds and request service if it returns.",easy,https://www.lg.com/us/support/help-library/lg-range-error-codes-list--20150154166283
LG,US,oven_range,F3,A touch pad sensor key error was detected.,touch pad,control_board,degraded,1.0,manufacturer_first,Reset at the breaker,"Cycle the circuit breaker (off thirty seconds, then on); request service if the key error returns.",easy,https://www.lg.com/us/support/help-library/lg-range-error-codes-list--20150154166283
LG,US,oven_range,F33,The front induction burner temperature sensor is faulty.,induction sensor,sensor,degraded,1.0,manufacturer_first,Reset at the breaker,"Cycle the circuit breaker (off thirty seconds, then on); request service if the sensor error returns.",easy,https://www.lg.com/us/support/help-library/lg-range-error-codes-list--20150154166283
LG,US,oven_range,F4,The lower oven thermistor is reporting a fault.,oven thermistor,sensor,degraded,1.0,manufacturer_first,Clear and reset,"Press Clear/Off and retry; if the thermistor code persists, cycle the breaker for thirty seconds and request service if it returns.",easy,https://www.lg.com/us/support/help-library/lg-range-error-codes-list--20150154166283
LG,US,oven_range,F42,A voltage error was detected.,power supply,power,degraded,1.0,manufacturer_first,Reset at the breaker,"Cycle the circuit breaker; if the voltage error returns, have the supply checked and request service.",moderate,https://www.lg.com/us/support/help-library/lg-range-error-codes-list--20150154166283
LG,US,oven_range,F51,The griddle sensor is reporting a fault.,griddle sensor,sensor,degraded,1.0,manufacturer_first,Reset at the breaker,Cycle the circuit breaker; request service if the griddle sensor error returns.,easy,https://www.lg.com/us/support/help-library/lg-range-error-codes-list--20150154166283
LG,US,oven_range,F56,A griddle heating error was detected.,griddle element,heating,degraded,1.0,manufacturer_first,Reset at the breaker,Cycle the circuit breaker; request service if the griddle heating error returns.,easy,https://www.lg.com/us/support/help-library/lg-range-error-codes-list--20150154166283
LG,US,oven_range,F6,An upper oven heating error was detected.,heating element,heating,stop_failure,1.0,manufacturer_first,Clear and reset,"Press Clear/Off and retry; if the heating error persists, cycle the breaker and request service.",easy,https://www.lg.com/us/support/help-library/lg-range-error-codes-list--20150154166283
LG,US,oven_range,F69,The sous vide function is not heating properly.,sous vide element,heating,degraded,1.0,manufacturer_first,Reset at the breaker,Cycle the circuit breaker; request service if the sous vide heating error returns.,easy,https://www.lg.com/us/support/help-library/lg-range-error-codes-list--20150154166283
LG,US,oven_range,F7,The upper convection fan is reporting a fault.,convection fan,fan,degraded,1.0,manufacturer_first,Clear and reset,"Press Clear/Off and retry; if the convection fan error persists, cycle the breaker and request service.",easy,https://www.lg.com/us/support/help-library/lg-range-error-codes-list--20150154166283
LG,US,oven_range,F8,The oven meat probe is reporting a fault.,meat probe,sensor,degraded,1.0,manufacturer_first,Clear and reset the probe error,"Press Clear/Off and retry; reseat or remove the meat probe, cycle the breaker if it persists.",easy,https://www.lg.com/us/support/help-library/lg-range-error-codes-list--20150154166283
LG,US,oven_range,F9,The upper oven is not heating properly.,heating system,heating,stop_failure,1.0,manufacturer_first,Clear and reset,"Press Clear/Off and retry; if the oven still fails to heat, cycle the breaker and request service.",easy,https://www.lg.com/us/support/help-library/lg-range-error-codes-list--20150154166283
LG,US,oven_range,H5,The cooktop surface temperature is above 150 degrees Fahrenheit.,cooktop temperature sensor,temperature,informational,1.0,manufacturer_first,Let the cooktop cool and reset,"Press Power on/off; if the code persists, switch the breaker off for thirty seconds and back on.",easy,https://www.lg.com/us/support/help-library/lg-range-error-codes-list--20150154166283
LG,US,oven_range,PF,Power to the range was interrupted.,control board,power,informational,1.0,manufacturer_first,Clear the power-failure code,"Press Clear/Off; if the code persists, cycle the circuit breaker (off thirty seconds, then on).",easy,https://www.lg.com/us/support/help-library/lg-range-error-codes-list--20150154166283
LG,US,refrigerator,22,A fault was detected in the compressor relay.,compressor relay,compressor,stop_failure,1.0,manufacturer_first,Request professional service,LG publishes no user troubleshooting for the compressor relay fault; request repair service.,professional_only,https://www.lg.com/us/support/help-library/lg-refrigerator-error-code-list--1441392048805
LG,US,refrigerator,67,A door is ajar or an object is preventing it from closing.,door seal,door_lock,degraded,1.0,manufacturer_first,Request professional service,LG publishes no user troubleshooting for this door fault; clear obstructions and request repair service.,professional_only,https://www.lg.com/us/support/help-library/lg-refrigerator-error-code-list--1441392048805
LG,US,refrigerator,CF,The condenser discharge-fan feedback signal fell below its threshold.,condenser fan,fan,degraded,1.0,manufacturer_first,Request professional service,LG publishes no user troubleshooting for this fan-feedback fault; request repair service.,professional_only,https://www.lg.com/us/support/help-library/lg-refrigerator-error-code-list--1441392048805
LG,US,refrigerator,CHE,A high-side refrigerant leak or restriction was detected.,condenser and refrigerant line,refrigerant,stop_failure,1.0,manufacturer_first,Request professional service,LG publishes no user troubleshooting for this refrigerant fault; request repair service.,professional_only,https://www.lg.com/us/support/help-library/lg-refrigerator-error-code-list--1441392048805
LG,US,refrigerator,CLE,A low-side refrigerant leak was detected.,evaporator and refrigerant line,refrigerant,stop_failure,1.0,manufacturer_first,Request professional service,LG publishes no user troubleshooting for this refrigerant fault; request repair service.,professional_only,https://www.lg.com/us/support/help-library/lg-refrigerator-error-code-list--1441392048805
LG,US,refrigerator,CO,A communication fault occurred between the main board and the display.,control board,communication,degraded,1.0,manufacturer_first,Request professional service,LG publishes no user troubleshooting for this board communication fault; request repair service.,professional_only,https://www.lg.com/us/support/help-library/lg-refrigerator-error-code-list--1441392048805
LG,US,refrigerator,DH,A defrost cycle ran beyond one hour without completing.,defrost heater,defrost,degraded,1.0,manufacturer_first,Reset and re-run defrost,"Unplug the unit for two minutes to reset, let the defrost cycle run again, and request service if the error returns.",easy,https://www.lg.com/us/support/help-library/lg-refrigerator-error-code-list--1441392048805
LG,US,refrigerator,DS,The defrost sensor is open or shorted.,defrost sensor,sensor,degraded,1.0,manufacturer_first,Request professional service,LG publishes no user troubleshooting for the defrost sensor fault; request repair service.,professional_only,https://www.lg.com/us/support/help-library/lg-refrigerator-error-code-list--1441392048805
LG,US,refrigerator,FF,"The freezer fan is faulty, often from frost buildup.",freezer fan,fan,degraded,1.0,manufacturer_first,Manually defrost the freezer,"Unplug, remove food, and leave the doors open for at least eight hours; dry the interior, restart, and allow 24-48 hours to stabilize. Keep vents clear and doors aligned.",moderate,https://www.lg.com/us/support/help-library/lg-refrigerator-error-code-list--1441392048805
LG,US,refrigerator,FF,"The freezer fan is faulty, often from frost buildup.",freezer fan,fan,degraded,2.0,cost_ascending,Replace the evaporator fan motor,"If the fan error returns after a full manual defrost, disconnect power and replace the evaporator fan motor.",advanced,https://www.lg.com/us/support/help-library/lg-refrigerator-error-code-list--1441392048805
LG,US,refrigerator,FS,The freezer temperature sensor is open or shorted.,freezer sensor,sensor,degraded,1.0,manufacturer_first,Request professional service,LG publishes no user troubleshooting for the freezer sensor fault; request repair service.,professional_only,https://www.lg.com/us/support/help-library/lg-refrigerator-error-code-list--1441392048805
LG,US,refrigerator,GF,The water flow sensor is faulty or the supply pressure is low.,flow sensor,water_supply,degraded,1.0,manufacturer_first,Check flow and pressure,"If the ice maker overfills the flow sensor may have failed; if household water pressure is low, raise it. Otherwise request service.",moderate,https://www.lg.com/us/support/help-library/lg-refrigerator-error-code-list--1441392048805
LG,US,refrigerator,HS,The humidity sensor is open or shorted.,humidity sensor,sensor,degraded,1.0,manufacturer_first,Request professional service,LG publishes no user troubleshooting for the humidity sensor fault; request repair service.,professional_only,https://www.lg.com/us/support/help-library/lg-refrigerator-error-code-list--1441392048805
LG,US,refrigerator,IF,The ice-maker fan is faulty.,ice maker fan,ice_maker,degraded,1.0,manufacturer_first,Defrost and check the door,"Perform a manual defrost, inspect the door gasket for tears, and verify door alignment and leveling; request service if persistent.",moderate,https://www.lg.com/us/support/help-library/lg-refrigerator-error-code-list--1441392048805
LG,US,refrigerator,RF,The refrigerator compartment fan motor is faulty.,refrigerator fan,fan,degraded,1.0,manufacturer_first,Manually defrost,"Perform a full manual defrost (doors open eight or more hours), confirm vents are clear and doors close properly, then request service if the fan error returns.",moderate,https://www.lg.com/us/support/help-library/lg-refrigerator-error-code-list--1441392048805
LG,US,refrigerator,RS,The refrigerator temperature sensor is open or shorted.,refrigerator sensor,sensor,degraded,1.0,manufacturer_first,Request professional service,LG publishes no user troubleshooting for the refrigerator sensor fault; request repair service.,professional_only,https://www.lg.com/us/support/help-library/lg-refrigerator-error-code-list--1441392048805
LG,US,refrigerator,RT,The ambient room-temperature sensor is open or shorted.,ambient sensor,sensor,degraded,1.0,manufacturer_first,Request professional service,LG publishes no user troubleshooting for the room-temperature sensor fault; request repair service.,professional_only,https://www.lg.com/us/support/help-library/lg-refrigerator-error-code-list--1441392048805
LG,US,washer,CE,An over-current condition was detected in the motor drive circuit.,motor control board,motor,stop_failure,1.0,manufacturer_first,Power-cycle the washer,"Unplug for ten seconds, restore power, and attempt a cycle.",easy,https://www.lg.com/us/support/help-library/lg-washer-error-code-list--20150140270078
LG,US,washer,DE,The door could not be confirmed locked before the cycle started.,door lock assembly,door_lock,stop_failure,1.0,manufacturer_first,Reset the door lock,"Unplug the washer, hold Start/Pause for five seconds while unpowered, restore power, close the door firmly, and restart.",moderate,https://www.lg.com/us/support/help-library/lg-washer-error-code-list--20150140270078
LG,US,washer,DE,The door could not be confirmed locked before the cycle started.,door lock assembly,door_lock,stop_failure,2.0,cost_ascending,Replace the door lock assembly,"If the door still will not lock after the reset, disconnect power and replace the door lock and switch assembly.",advanced,https://www.lg.com/us/support/help-library/lg-washer-error-code-list--20150140270078
LG,US,washer,DL,The door-latch switch is not reading the door as closed.,door latch switch,door_lock,stop_failure,1.0,manufacturer_first,Clear the door and reset,"Remove anything caught in the door, unplug for ten seconds, restore power, and retry the cycle.",easy,https://www.lg.com/us/support/help-library/lg-washer-error-code-list--20150140270078
LG,US,washer,E6,A foreign object or jam was detected between the drum and the pulsator.,clutch and drum,motor,degraded,1.0,manufacturer_first,Remove the obstruction,"Empty the tub and check between the drum and pulsator for coins or foreign objects, removing any with pliers.",moderate,https://www.lg.com/us/support/help-library/lg-washer-error-code-list--20150140270078
LG,US,washer,FE,"Water rose past the safe threshold, indicating an overfill.",water inlet valve,water_supply,stop_failure,1.0,manufacturer_first,Drain the overfill,"Close both water taps, power on, select the no-spin option, press Start/Pause to drain, then restart.",moderate,https://www.lg.com/us/support/help-library/lg-washer-error-code-list--20150140270078
LG,US,washer,IE,"Water did not reach the required level within the fill window, indicating an inadequate supply.",water inlet valve,water_supply,stop_failure,1.0,manufacturer_first,Restore adequate water flow,"Open the water tap fully, straighten any kink in the fill hose, and clean the inlet screen filter if it is clogged; confirm household water pressure is adequate.",easy,https://www.lg.com/us/support/help-library/lg-washer-error-code-list--20150140270078
LG,US,washer,IE,"Water did not reach the required level within the fill window, indicating an inadequate supply.",water inlet valve,water_supply,stop_failure,2.0,cost_ascending,Replace the water inlet valve,"If supply, hoses, and filter check out and the fill error returns, disconnect power and water and replace the cold water inlet valve.",advanced,https://www.lg.com/us/support/help-library/lg-washer-error-code-list--20150140270078
LG,US,washer,LE,Motor overload protection tripped after the drive motor stalled or locked.,drive motor,motor,stop_failure,1.0,manufacturer_first,Let the motor cool,"Leave the washer off for about thirty minutes so the drive motor can cool, then restart the cycle.",easy,https://www.lg.com/us/support/help-library/lg-washer-error-code-list--20150140270078
LG,US,washer,OE,Water was not expelled from the tub within the expected drain window.,drain pump,drainage,stop_failure,1.0,manufacturer_first,Clear the drain path,"Straighten the drain hose and clear any blockage, then remove and clean the drain filter.",easy,https://www.lg.com/us/support/help-library/lg-washer-error-code-list--20150140270078
LG,US,washer,OE,Water was not expelled from the tub within the expected drain window.,drain pump,drainage,stop_failure,2.0,cost_ascending,Replace the drain pump,"If the hose and filter are clear and the code returns, disconnect power and water, open the access panel, and replace the drain pump and motor assembly.",moderate,https://www.lg.com/us/support/help-library/lg-washer-error-code-list--20150140270078
LG,US,washer,PE,The water-level pressure sensor reported a reading outside its valid range.,water level sensor,sensor,degraded,1.0,manufacturer_first,Power-cycle the washer,"Unplug the washer for ten seconds, restore power, and restart the cycle.",easy,https://www.lg.com/us/support/help-library/lg-washer-error-code-list--20150140270078
LG,US,washer,PF,Power to the washer was interrupted during a running cycle.,control board,power,informational,1.0,manufacturer_first,Reset after power loss,"Unplug or trip the breaker, hold Start/Pause for five seconds while unpowered, restore power, and run a cycle.",easy,https://www.lg.com/us/support/help-library/lg-washer-error-code-list--20150140270078
LG,US,washer,SUD,Excess foam was detected and the wash paused to disperse it.,detergent system,suds,degraded,1.0,manufacturer_first,Reduce detergent,Use no more than the recommended amount of detergent and reduce it until the sudsing stops.,easy,https://www.lg.com/us/support/help-library/lg-washer-error-code-list--20150140270078
LG,US,washer,TCL,Maintenance reminder that the tub-clean cycle is due.,tub,informational,informational,1.0,manufacturer_first,Run the tub-clean cycle,"Empty the tub, add washing-machine cleaner powder, select the Tub Clean cycle, and start it.",easy,https://www.lg.com/us/support/help-library/lg-washer-error-code-list--20150140270078
LG,US,washer,TE,The water-heating circuit or its thermistor is out of range.,thermistor,temperature,degraded,1.0,manufacturer_first,Power-cycle and drain,"Unplug for ten seconds, restore power, select a no-spin drain, then restart the cycle.",easy,https://www.lg.com/us/support/help-library/lg-washer-error-code-list--20150140270078
LG,US,washer,UE,The drum could not balance the load well enough to spin safely.,drum suspension,unbalanced,degraded,1.0,manufacturer_first,Rebalance the load,"Redistribute the laundry evenly around the drum, adding a few similar items for very small loads, then restart the cycle.",easy,https://www.lg.com/us/support/help-library/lg-washer-error-code-list--20150140270078
Maytag,US,washer,DET,No detergent cartridge is detected in the dispenser.,detergent dispenser,dispenser,degraded,1.0,manufacturer_first,Reseat the detergent cartridge,Insert the dispenser cartridge correctly and close the drawer fully.,easy,https://producthelp.maytag.com/Laundry/Washers/Product_Info/Washer_Product_Assistance/Error_Codes_in_Front_Load_Washers
Maytag,US,washer,DRN,The washer is not draining properly.,drain pump,drainage,stop_failure,1.0,manufacturer_first,Review the installation,Slow draining is often an installation issue; verify the drain setup and schedule service if it persists.,moderate,https://producthelp.maytag.com/Laundry/Washers/Product_Info/Washer_Product_Assistance/Error_Codes_in_Top_Load_HE_Washers
Maytag,US,washer,F5E2,The door is not locking properly.,door lock assembly,door_lock,stop_failure,1.0,manufacturer_first,Clear the door and reset,"Remove anything blocking the door so it closes fully, then press Pause/Cancel twice and Power once to clear.",easy,https://producthelp.maytag.com/Laundry/Washers/Product_Info/Washer_Product_Assistance/Error_Codes_in_Front_Load_Washers
Maytag,US,washer,F5E2,The door is not locking properly.,door lock assembly,door_lock,stop_failure,2.0,cost_ascending,Replace the door latch,"If nothing blocks the door and the lock error returns after clearing, disconnect power and replace the door latch assembly.",advanced,https://producthelp.maytag.com/Laundry/Washers/Product_Info/Washer_Product_Assistance/Error_Codes_in_Front_Load_Washers
Maytag,US,washer,F7E1,A motor speed-sensing error was detected.,drive motor,motor,stop_failure,1.0,manufacturer_first,Check bolts and load,"Confirm all shipping bolts were removed and the drum is not overloaded, then clear the code with Pause/Cancel twice and Power once.",moderate,https://producthelp.maytag.com/Laundry/Washers/Product_Info/Washer_Product_Assistance/Error_Codes_in_Front_Load_Washers
Maytag,US,washer,F8E1,The washer senses a low flow of water during fill.,water inlet valve,water_supply,stop_failure,1.0,manufacturer_first,Open the water supply,"Turn the household supply on, open both faucets fully, straighten kinked inlet hoses, and remove any anti-flood devices.",easy,https://producthelp.maytag.com/Laundry/Washers/Product_Info/Washer_Product_Assistance/Error_Codes_in_Front_Load_Washers
Maytag,US,washer,F8E2,A problem was detected with the dispenser system.,detergent dispenser,dispenser,degraded,1.0,manufacturer_first,Clean the dispenser,Check the detergent drawer or cartridge for clogged detergent and clean it out.,easy,https://producthelp.maytag.com/Laundry/Washers/Product_Info/Washer_Product_Assistance/Error_Codes_in_Front_Load_Washers
Maytag,US,washer,F9E1,Draining is taking longer than expected (over about eight minutes).,drain pump,drainage,stop_failure,1.0,manufacturer_first,Clear the drain path,"Straighten or unclog the drain hose, fit the U-shaped form, verify standpipe height, and use HE detergent.",moderate,https://producthelp.maytag.com/Laundry/Washers/Product_Info/Washer_Product_Assistance/Error_Codes_in_Front_Load_Washers
Maytag,US,washer,HC,The hot and cold inlet hoses are connected in reverse.,inlet hoses,water_supply,degraded,1.0,manufacturer_first,Swap the hoses,"Turn off the water supply, reverse the hot and cold inlet hoses, and run a cycle to confirm.",easy,https://producthelp.maytag.com/Laundry/Washers/Product_Info/Washer_Product_Assistance/Error_Codes_in_Top_Load_HE_Washers
Maytag,US,washer,INT,The cycle was paused or cancelled.,control system,informational,informational,1.0,manufacturer_first,Clear the interrupted cycle,"Press Pause/Cancel twice and Power once; if the code stays, disconnect power for five minutes.",easy,https://producthelp.maytag.com/Laundry/Washers/Product_Info/Washer_Product_Assistance/Error_Codes_in_Front_Load_Washers
Maytag,US,washer,LDL,The lid is not locking.,lid lock,door_lock,stop_failure,1.0,manufacturer_first,Clear the lid lock,Remove items from under the lid and clean detergent buildup around the lid-lock mechanism.,easy,https://producthelp.maytag.com/Laundry/Washers/Product_Info/Washer_Product_Assistance/Error_Codes_in_Top_Load_HE_Washers
Maytag,US,washer,LDU,The lid cannot unlock.,lid lock,door_lock,degraded,1.0,manufacturer_first,Clear the washer top,Remove objects such as a laundry basket from the top of the washer so the lid can unlock.,easy,https://producthelp.maytag.com/Laundry/Washers/Product_Info/Washer_Product_Assistance/Error_Codes_in_Top_Load_HE_Washers
Maytag,US,washer,LID,The lid was left open.,lid,door_lock,informational,1.0,manufacturer_first,Close the lid,"Close the lid to clear the display; if the tub drained, restart the cycle without adding more detergent.",easy,https://producthelp.maytag.com/Laundry/Washers/Product_Info/Washer_Product_Assistance/Error_Codes_in_Top_Load_HE_Washers
Maytag,US,washer,LOC,"The control lock is active, disabling the panel.",control panel,informational,informational,1.0,manufacturer_first,Release the control lock,Press the Control Lock button; on older models the owner's manual identifies which button toggles the lock.,easy,https://producthelp.maytag.com/Laundry/Washers/Product_Info/Washer_Product_Assistance/Error_Codes_in_Front_Load_Washers
Maytag,US,washer,OFB,The load is out of balance.,drum suspension,unbalanced,degraded,1.0,manufacturer_first,Rebalance the load,"Redistribute items loosely and evenly around the washplate, close the lid, and press Start/Pause.",easy,https://producthelp.maytag.com/Laundry/Washers/Product_Info/Washer_Product_Assistance/Error_Codes_in_Top_Load_HE_Washers
Maytag,US,washer,OL,The load is too large.,drum,unbalanced,degraded,1.0,manufacturer_first,Lighten the load,"Remove several items, add HE detergent, close the lid, and press Start/Pause.",easy,https://producthelp.maytag.com/Laundry/Washers/Product_Info/Washer_Product_Assistance/Error_Codes_in_Top_Load_HE_Washers
Maytag,US,washer,PF,The wash cycle was interrupted by a power failure.,control board,power,informational,1.0,manufacturer_first,Restart after the outage,"Touch and hold Start to resume the cycle, or press Power to clear the display.",easy,https://producthelp.maytag.com/Laundry/Washers/Product_Info/Washer_Product_Assistance/Error_Codes_in_Top_Load_HE_Washers
Maytag,US,washer,RL,Items were detected in the drum during the Clean Washer cycle.,drum,informational,degraded,1.0,manufacturer_first,Empty the drum,Remove all items from the drum and restart the Clean Washer cycle.,easy,https://producthelp.maytag.com/Laundry/Washers/Product_Info/Washer_Product_Assistance/Error_Codes_in_Front_Load_Washers
Maytag,US,washer,SUD,Too many suds were detected in the wash.,detergent system,suds,degraded,1.0,manufacturer_first,Cut the suds,"Switch to HE detergent, avoid no-splash chlorine bleach, and confirm the drain hose is not kinked or clogged.",easy,https://producthelp.maytag.com/Laundry/Washers/Product_Info/Washer_Product_Assistance/Error_Codes_in_Front_Load_Washers
Miele,UK,washer,F1,A short circuit was detected in the NTC temperature sensor.,NTC thermistor,sensor,degraded,,,,,,https://www.domex-uk.co.uk/help-advice/miele-washing-machine-fault-codes/
Miele,UK,washer,F10,A water intake fault was detected.,water inlet valve,water_supply,stop_failure,1.0,cost_ascending,Restore the water intake,"Open the tap fully, confirm flow of at least five litres in fifteen seconds, straighten the inlet hose, and rinse the plastic inlet filter clean.",easy,https://www.domex-uk.co.uk/help-advice/miele-washing-machine-fault-codes/
Miele,UK,washer,F10,A water intake fault was detected.,water inlet valve,water_supply,stop_failure,2.0,cost_ascending,Replace the inlet valve,"If supply and filter check out, have the inlet valve solenoids tested and the valve assembly replaced if defective.",professional_only,https://www.domex-uk.co.uk/help-advice/miele-washing-machine-fault-codes/
Miele,UK,washer,F100,A communication link failure was detected.,control board,communication,degraded,,,,,,https://www.domex-uk.co.uk/help-advice/miele-washing-machine-fault-codes/
Miele,UK,washer,F104,Low voltage is reaching the drive.,inverter drive,power,degraded,,,,,,https://www.domex-uk.co.uk/help-advice/miele-washing-machine-fault-codes/
Miele,UK,washer,F11,The machine is having difficulty draining.,drain pump,drainage,stop_failure,1.0,cost_ascending,Clean the drain filter,"Unplug the machine, open the lower access panel with a tray ready for water, unscrew the drain filter, clear lint and debris, and refit it securely.",easy,https://www.domex-uk.co.uk/help-advice/miele-washing-machine-fault-codes/
Miele,UK,washer,F11,The machine is having difficulty draining.,drain pump,drainage,stop_failure,2.0,cost_ascending,Clear the drain hose,"Remove kinks and loops from the drain hose, keep its end no higher than about one metre from the floor, and flush the hose through if blocked.",moderate,https://www.domex-uk.co.uk/help-advice/miele-washing-machine-fault-codes/
Miele,UK,washer,F11,The machine is having difficulty draining.,drain pump,drainage,stop_failure,3.0,cost_ascending,Service the drain pump,"If drainage still fails, have the pump impeller checked for debris or damage, the pump tested electrically, and the assembly replaced if defective.",professional_only,https://www.domex-uk.co.uk/help-advice/miele-washing-machine-fault-codes/
Miele,UK,washer,F15,A fault was detected in the hot water intake.,hot inlet valve,water_supply,degraded,,,,,,https://www.domex-uk.co.uk/help-advice/miele-washing-machine-fault-codes/
Miele,UK,washer,F16,Excess detergent (over-foaming) was detected.,foam detection,suds,degraded,,,,,,https://www.domex-uk.co.uk/help-advice/miele-washing-machine-fault-codes/
Miele,UK,washer,F19,The flow meter is turning too slowly.,flow meter,sensor,degraded,,,,,,https://www.domex-uk.co.uk/help-advice/miele-washing-machine-fault-codes/
Miele,UK,washer,F2,An open circuit or fault was detected in the NTC temperature sensor.,NTC thermistor,sensor,degraded,,,,,,https://www.domex-uk.co.uk/help-advice/miele-washing-machine-fault-codes/
Miele,UK,washer,F20,A heating malfunction was detected.,heating element,heating,degraded,1.0,cost_ascending,Reset and retry,"Disconnect from the mains for at least two minutes, reconnect, and rerun the programme.",easy,https://www.domex-uk.co.uk/help-advice/miele-washing-machine-fault-codes/
Miele,UK,washer,F20,A heating malfunction was detected.,heating element,heating,degraded,2.0,cost_ascending,Service the heating circuit,"If heating still fails, have the element, NTC sensors, and Thermostop control checked and any faulty component replaced.",professional_only,https://www.domex-uk.co.uk/help-advice/miele-washing-machine-fault-codes/
Miele,UK,washer,F29,The steam heater is inactive.,steam generator,heating,degraded,,,,,,https://www.domex-uk.co.uk/help-advice/miele-washing-machine-fault-codes/
Miele,UK,washer,F34,The door is failing to lock.,door latch,door_lock,stop_failure,1.0,cost_ascending,Clear the door and reset,"Power off for two minutes, remove anything blocking the latch, close the door fully, and retry with a lighter load.",easy,https://www.domex-uk.co.uk/help-advice/miele-washing-machine-fault-codes/
Miele,UK,washer,F34,The door is failing to lock.,door latch,door_lock,stop_failure,2.0,cost_ascending,Service the door lock,"If the door still fails to lock, have the lock switch, latch, and wiring harness inspected and the door lock assembly replaced if damaged.",professional_only,https://www.domex-uk.co.uk/help-advice/miele-washing-machine-fault-codes/
Miele,UK,washer,F35,The door is failing to unlock.,door latch,door_lock,degraded,,,,,,https://www.domex-uk.co.uk/help-advice/miele-washing-machine-fault-codes/
Miele,UK,washer,F39,A failure was detected in the electronic unit.,control board,control_board,stop_failure,,,,,,https://www.domex-uk.co.uk/help-advice/miele-washing-machine-fault-codes/
Miele,UK,washer,F41,Faulty electronic memory is returning incorrect data.,memory module,control_board,degraded,,,,,,https://www.domex-uk.co.uk/help-advice/miele-washing-machine-fault-codes/
Miele,UK,washer,F43,The appliance model is not programmed in the control.,control board,control_board,stop_failure,,,,,,https://www.domex-uk.co.uk/help-advice/miele-washing-machine-fault-codes/
Miele,UK,washer,F45,The flash RAM is defective.,flash RAM,control_board,stop_failure,,,,,,https://www.domex-uk.co.uk/help-advice/miele-washing-machine-fault-codes/
Miele,UK,washer,F50,A drive fault was detected.,motor drive inverter,motor,stop_failure,,,,,,https://www.domex-uk.co.uk/help-advice/miele-washing-machine-fault-codes/
Miele,UK,washer,F51,A level-switch or pressure-sensor fault was detected.,pressure switch,sensor,degraded,,,,,,https://www.domex-uk.co.uk/help-advice/miele-washing-machine-fault-codes/
Miele,UK,washer,F53,A speed sensor (tachometer) fault was detected.,tachometer,sensor,degraded,1.0,cost_ascending,Reset the electronics,"Unplug for five to ten minutes to reset the controls, then run a short empty cycle.",easy,https://www.domex-uk.co.uk/help-advice/miele-washing-machine-fault-codes/
Miele,UK,washer,F53,A speed sensor (tachometer) fault was detected.,tachometer,sensor,degraded,2.0,cost_ascending,Service the tachogenerator and brushes,"If the speed fault returns, have the tachogenerator readings checked against service specs, worn carbon brushes replaced in pairs, and the motor-to-board wiring verified.",professional_only,https://www.domex-uk.co.uk/help-advice/miele-washing-machine-fault-codes/
Miele,UK,washer,F56,The final spin speed stayed below 400 rpm.,spin assembly,motor,degraded,,,,,,https://www.domex-uk.co.uk/help-advice/miele-washing-machine-fault-codes/
Miele,UK,washer,F62,The program selector is defective.,program selector,control_board,degraded,,,,,,https://www.domex-uk.co.uk/help-advice/miele-washing-machine-fault-codes/
Miele,UK,washer,F63,A failure was detected in the water path control unit.,water control module,water_supply,degraded,,,,,,https://www.domex-uk.co.uk/help-advice/miele-washing-machine-fault-codes/
Miele,UK,washer,F65,The drum lighting cap is missing.,drum illumination cap,informational,informational,,,,,,https://www.domex-uk.co.uk/help-advice/miele-washing-machine-fault-codes/
Miele,UK,washer,F81,Steam is inactive in the heater unit.,steam module,heating,degraded,,,,,,https://www.domex-uk.co.uk/help-advice/miele-washing-machine-fault-codes/
Miele,UK,washer,F83,Excessive temperature was detected in the heater unit.,heating element,temperature,stop_failure,,,,,,https://www.domex-uk.co.uk/help-advice/miele-washing-machine-fault-codes/
Miele,UK,washer,F92,A hygiene warning: risk of bacterial contamination from low-temperature washing.,hygiene monitoring,informational,informational,,,,,,https://www.domex-uk.co.uk/help-advice/miele-washing-machine-fault-codes/
Samsung,US,dishwasher,1E,"A clogged filter (Waterwall models) or heater over-temperature (Rotary models), depending on model.",filter and heater,filter,degraded,,,,,,https://www.samsung.com/us/support/troubleshoot/TSG10004499/
Samsung,US,dishwasher,3C,A drain-pump operation fault was detected.,drain pump,motor,stop_failure,1.0,manufacturer_first,Reset then service,"Turn the dishwasher off and start the cycle again; if the pump fault persists, contact support for service.",moderate,https://www.samsung.com/us/support/troubleshoot/TSG10004499/
Samsung,US,dishwasher,3E,Incoming water is hotter than the allowed limit.,water supply,water_supply,degraded,,,,,,https://www.samsung.com/us/support/troubleshoot/TSG10004499/
Samsung,US,dishwasher,4C,The water supply is inadequate in pressure or temperature.,water inlet valve,water_supply,stop_failure,1.0,manufacturer_first,Restore the water supply,Confirm the supply valve is open and the inlet hose is unkinked with adequate pressure and temperature.,easy,https://www.samsung.com/us/support/troubleshoot/TSG10004499/
Samsung,US,dishwasher,5C,The dishwasher cannot drain.,drain pump,drainage,stop_failure,1.0,manufacturer_first,Clear the drain,"Clear the filter and drain hose of any blockage, then restart the cycle.",easy,https://www.samsung.com/us/support/troubleshoot/TSG10004499/
Samsung,US,dishwasher,5C,The dishwasher cannot drain.,drain pump,drainage,stop_failure,2.0,cost_ascending,Replace the drain pump,"If the filter and hose are clear and the drain error returns, disconnect power and water and replace the drain pump assembly.",advanced,https://www.samsung.com/us/support/troubleshoot/TSG10004499/
Samsung,US,dishwasher,7E,The Waterwall reflector is not moving correctly.,waterwall reflector,motor,degraded,,,,,,https://www.samsung.com/us/support/troubleshoot/TSG10004499/
Samsung,US,dishwasher,9E,The water level inside the tub is too low.,water level sensor,water_supply,degraded,1.0,manufacturer_first,Rerun and reset,"Empty the unit, add detergent, and run a normal cycle; if it continues, power off at the breaker and request service.",moderate,https://www.samsung.com/us/support/troubleshoot/TSG10004499/
Samsung,US,dishwasher,BE,A panel button is being sensed as stuck.,control panel,control_board,degraded,1.0,manufacturer_first,Free the stuck button,"Turn the dishwasher off and press each panel button once; if a button stays stuck or the error returns, contact support.",easy,https://www.samsung.com/us/support/troubleshoot/TSG10004499/
Samsung,US,dishwasher,CE,A communication fault occurred in the control electronics.,control board,communication,degraded,,,,,,https://www.samsung.com/us/support/troubleshoot/TSG10004499/
Samsung,US,dishwasher,HC,The water overheated beyond the safe limit.,heating element,heating,stop_failure,1.0,manufacturer_first,Reset at the breaker,"Switch power off for thirty seconds at the breaker and back on, empty the unit, add detergent, and run a Normal cycle.",moderate,https://www.samsung.com/us/support/troubleshoot/TSG10004499/
Samsung,US,dishwasher,HE,The heater temperature-detection circuit is faulty.,temperature sensor,heating,degraded,1.0,manufacturer_first,Rerun and reset,"Empty the unit, add detergent and run a normal cycle; if it persists, power off at the breaker and contact support.",moderate,https://www.samsung.com/us/support/troubleshoot/TSG10004499/
Samsung,US,dishwasher,LC,The leak sensor detected moisture.,leak sensor,leak,stop_failure,1.0,manufacturer_first,Investigate the leak,The unit will keep draining until dry; check for a blocked Waterwall reflector on those models and inspect for leaks before restarting.,moderate,https://www.samsung.com/us/support/troubleshoot/TSG10004499/
Samsung,US,dishwasher,OC,The water level is above the allowed maximum.,water level sensor,water_supply,stop_failure,,,,,,https://www.samsung.com/us/support/troubleshoot/TSG10004499/
Samsung,US,dishwasher,TE,The temperature sensor is reading incorrectly.,temperature sensor,sensor,degraded,,,,,,https://www.samsung.com/us/support/troubleshoot/TSG10004499/
Samsung,US,dryer,3C,A drive-motor fault was detected.,drive motor,motor,stop_failure,1.0,manufacturer_first,Reset then service,"Power off for two to three minutes and restart; if the motor error returns, request service.",moderate,https://www.samsung.com/us/support/troubleshoot/TSG10001006/
Samsung,US,dryer,9C1,The voltage supplied to the dryer is abnormal.,power supply,power,stop_failure,1.0,manufacturer_first,Fix the power supply,Run the dryer on its own circuit without an extension cord and confirm correct cord installation and voltage; contact support if it persists.,moderate,https://www.samsung.com/us/support/troubleshoot/TSG10001006/
Samsung,US,dryer,AC,Internal control modules cannot communicate with each other.,control board,communication,degraded,1.0,manufacturer_first,Power-cycle the dryer,Shut the dryer off for sixty seconds and turn it back on; contact support if the communication error remains.,easy,https://www.samsung.com/us/support/troubleshoot/TSG10001006/
Samsung,US,dryer,BE,A control-panel button is being sensed as stuck.,control panel,control_board,degraded,1.0,manufacturer_first,Free the stuck button,"Power off and individually touch and release every button on the panel, working across each button's edges.",easy,https://www.samsung.com/us/support/troubleshoot/TSG10001006/
Samsung,US,dryer,C80,The exhaust vent is roughly eighty percent blocked.,exhaust vent,ventilation,degraded,1.0,manufacturer_first,Clean filter and vent,"Clean the lint filter and the exhaust vent, then rerun the cycle.",easy,https://www.samsung.com/us/support/troubleshoot/TSG10001006/
Samsung,US,dryer,C90,The exhaust vent is more than ninety percent blocked.,exhaust vent,ventilation,stop_failure,1.0,manufacturer_first,Clean filter and vent,Clean the lint filter and the exhaust vent thoroughly — the vent is more than ninety percent blocked — then rerun the cycle.,moderate,https://www.samsung.com/us/support/troubleshoot/TSG10001006/
Samsung,US,dryer,CLG,The exhaust vent is clogged.,exhaust vent,ventilation,degraded,1.0,manufacturer_first,Clean filter and vent,"Clean the lint filter and the exhaust vent, then rerun the cycle.",easy,https://www.samsung.com/us/support/troubleshoot/TSG10001006/
Samsung,US,dryer,CT,The ambient temperature is outside the operating range.,temperature regulation,temperature,informational,1.0,manufacturer_first,Let the dryer acclimate,Wait about an hour with the dryer at room temperature before restarting.,easy,https://www.samsung.com/us/support/troubleshoot/TSG10001006/
Samsung,US,dryer,DC,"A fault was detected with the door, latch, or door sensor.",door assembly,door_lock,degraded,1.0,manufacturer_first,Secure the door,"Check the latch is intact, remove anything caught in the door, and close it until it latches fully.",easy,https://www.samsung.com/us/support/troubleshoot/TSG10001006/
Samsung,US,dryer,FC,The power-source frequency is invalid.,power supply,power,degraded,1.0,manufacturer_first,Restart the cycle,"Restart the cycle; if the frequency error remains, contact support.",easy,https://www.samsung.com/us/support/troubleshoot/TSG10001006/
Samsung,US,dryer,HC,The dryer is overheating.,heating element,heating,stop_failure,1.0,manufacturer_first,Clean lint and check voltage,Clean the lint screen and vent system; on electric models have an electrician confirm the supply voltage if overheating persists.,easy,https://www.samsung.com/us/support/troubleshoot/TSG10001006/
Samsung,US,dryer,HC,The dryer is overheating.,heating element,heating,stop_failure,2.0,cost_ascending,Replace the heating element,"If airflow is clear and overheating returns, disconnect power and replace the heating element.",advanced,https://www.samsung.com/us/support/troubleshoot/TSG10001006/
Samsung,US,dryer,HC2,A gas-ignition fault was detected on gas models.,gas igniter,gas,stop_failure,1.0,manufacturer_first,Reset then service,"Power off for two to three minutes and restart; if the gas-ignition error returns, request service.",moderate,https://www.samsung.com/us/support/troubleshoot/TSG10001006/
Samsung,US,dryer,OD,The load did not dry within the expected time.,moisture sensor,sensor,degraded,1.0,manufacturer_first,Reset and retry,Power off for two to three minutes and restart the cycle; consult the manual and request service if it returns.,easy,https://www.samsung.com/us/support/troubleshoot/TSG10001006/
Samsung,US,dryer,TS,The temperature-sensing circuit reported a fault.,temperature sensor,sensor,degraded,1.0,manufacturer_first,Clean the lint screen and vent,"Clean the lint screen, the vent system, or both — trapped heat is the most common cause; contact support if the error continues.",easy,https://www.samsung.com/us/support/troubleshoot/TSG10001006/
Samsung,US,refrigerator,21E,The freezer fan is not rotating as sensed by the control.,freezer fan,fan,degraded,1.0,manufacturer_first,Defrost or request service,"Ensure the freezer is not overpacked and the door gaskets seal fully; defrost the unit if you wish, otherwise request service.",moderate,https://www.samsung.com/us/support/troubleshoot/TSG10007315/
Samsung,US,refrigerator,22E,"The fridge fan is faulty, sometimes following a door left open.",fridge fan,fan,degraded,1.0,manufacturer_first,Defrost the fridge fan,"Unplug the refrigerator and leave the doors open for a few hours, then plug it back in; request service if the error returns.",easy,https://www.samsung.com/us/support/troubleshoot/TSG10007315/
Samsung,US,refrigerator,33E,The ice-pipe heater reported a fault.,ice pipe heater,ice_maker,degraded,1.0,manufacturer_first,Request professional service,Samsung directs this ice-pipe heater fault to service; contact the Support Center.,professional_only,https://www.samsung.com/us/support/troubleshoot/TSG10007315/
Samsung,US,refrigerator,39E,The ice-maker function reported a fault.,ice maker,ice_maker,degraded,1.0,manufacturer_first,Request professional service,Samsung directs this ice-maker function fault to service; contact the Support Center.,professional_only,https://www.samsung.com/us/support/troubleshoot/TSG10007315/
Samsung,US,refrigerator,40E,The ice-room fan reported a fault.,ice room fan,fan,degraded,1.0,manufacturer_first,Request professional service,Samsung directs this ice-room fan fault to service; contact the Support Center.,professional_only,https://www.samsung.com/us/support/troubleshoot/TSG10007315/
Samsung,US,refrigerator,5E,The fridge defrost sensor reported a fault.,defrost sensor,sensor,degraded,1.0,manufacturer_first,Request professional service,Samsung directs this defrost-sensor fault to service; contact the Support Center.,professional_only,https://www.samsung.com/us/support/troubleshoot/TSG10007315/
Samsung,US,refrigerator,76C,Water was detected in the autofill compartment.,autofill assembly,leak,degraded,1.0,manufacturer_first,Inspect the autofill pitcher,Follow the autofill leak guidance: remove and inspect the autofill compartment for water and dry it out.,easy,https://www.samsung.com/us/support/troubleshoot/TSG10007315/
Samsung,US,refrigerator,83E,The compressor drew abnormal current.,compressor,compressor,stop_failure,1.0,manufacturer_first,Power-cycle at the breaker,"Unplug or switch off the breaker for sixty seconds, then restore power; request service if the code returns.",easy,https://www.samsung.com/us/support/troubleshoot/TSG10007315/
Samsung,US,refrigerator,84C,The compressor is locked.,compressor,compressor,stop_failure,1.0,manufacturer_first,Request professional service,Samsung directs the compressor-lock fault to service; contact the Support Center.,professional_only,https://www.samsung.com/us/support/troubleshoot/TSG10007315/
Samsung,US,refrigerator,85C,Low voltage was detected at the power source.,power supply,power,degraded,1.0,manufacturer_first,Clear the voltage notice,Press OK for three seconds to clear; the code is harmless and typically follows a brief outage.,easy,https://www.samsung.com/us/support/troubleshoot/TSG10007315/
Samsung,US,refrigerator,85E,The compressor experienced an undervoltage (brown-out) condition.,compressor,compressor,stop_failure,1.0,manufacturer_first,Power-cycle at the breaker,"Unplug or switch off the breaker for sixty seconds, then restore power; request service if the code returns.",easy,https://www.samsung.com/us/support/troubleshoot/TSG10007315/
Samsung,US,refrigerator,86E,The compressor experienced an overvoltage (surge) condition.,compressor,compressor,stop_failure,1.0,manufacturer_first,Power-cycle at the breaker,"Unplug or switch off the breaker for sixty seconds, then restore power; request service if the code returns.",easy,https://www.samsung.com/us/support/troubleshoot/TSG10007315/
Samsung,US,refrigerator,8E,The freezer ice-maker sensor reported a fault.,ice maker sensor,ice_maker,degraded,1.0,manufacturer_first,Request professional service,Samsung directs this ice-maker sensor fault to service; contact the Support Center.,professional_only,https://www.samsung.com/us/support/troubleshoot/TSG10007315/
Samsung,US,refrigerator,PCER,A communication fault occurred between internal components.,control board,communication,degraded,1.0,manufacturer_first,Reseat the door harness,"Unplug the unit, disconnect and reconnect the wire harness above the door, then restore power; request service if the error returns.",moderate,https://www.samsung.com/us/support/troubleshoot/TSG10007315/
Samsung,UK,washer,11E,A low water level was detected during operation.,water level sensor,water_supply,degraded,1.0,manufacturer_first,Check hose and leaks,Verify the drain hose position and inspect for leaks.,easy,https://www.samsung.com/uk/support/home-appliances/what-do-the-codes-on-my-washing-machine-mean/
Samsung,UK,washer,12E,A control-panel button fault was detected.,control panel,control_board,degraded,1.0,manufacturer_first,Clean the buttons,Clean the control buttons with a dampened cloth.,easy,https://www.samsung.com/uk/support/home-appliances/what-do-the-codes-on-my-washing-machine-mean/
Samsung,UK,washer,13E,A signal communication fault was detected.,control board,communication,degraded,1.0,manufacturer_first,Power-cycle and wait,"Wait briefly or power-cycle, then restart the programme.",easy,https://www.samsung.com/uk/support/home-appliances/what-do-the-codes-on-my-washing-machine-mean/
Samsung,UK,washer,1C,The water-level sensor reported a fault.,water level sensor,sensor,degraded,1.0,manufacturer_first,Power-cycle the washer,"Switch off for one minute, then restart the programme.",easy,https://www.samsung.com/uk/support/home-appliances/what-do-the-codes-on-my-washing-machine-mean/
Samsung,US,washer,1C,The water-level sensor or leak detection reported a fault.,water level sensor,sensor,degraded,1.0,manufacturer_first,Check for leaks and suds,Inspect hoses for kinks and leaks and run an empty cycle to confirm no excess suds are present.,easy,https://www.samsung.com/us/support/troubleshoot/TSG10000997/
Samsung,UK,washer,3C,A drive-motor fault was detected.,drive motor,motor,stop_failure,1.0,manufacturer_first,Power-cycle the washer,"Switch off for one minute, then restart the programme; request service if the motor fault returns.",easy,https://www.samsung.com/uk/support/home-appliances/what-do-the-codes-on-my-washing-machine-mean/
Samsung,US,washer,3C,A drive-motor fault was detected.,drive motor,motor,stop_failure,1.0,manufacturer_first,Reset then service,"Power off for two to three minutes and restart; if the motor fault returns, request service.",moderate,https://www.samsung.com/us/support/troubleshoot/TSG10000997/
Samsung,UK,washer,3CP,An electronic control fault was detected.,control board,control_board,degraded,1.0,manufacturer_first,Restart the cycle,Restart the cycle; request service if the control fault returns.,easy,https://www.samsung.com/uk/support/home-appliances/what-do-the-codes-on-my-washing-machine-mean/
Samsung,UK,washer,4C,The washer is not receiving water correctly during fill.,water inlet valve,water_supply,stop_failure,1.0,manufacturer_first,Restore the water supply,"Open the tap fully, confirm supply pressure is within 0.5 to 8 bar, clean the mesh filter, and check the hose for kinks.",easy,https://www.samsung.com/uk/support/home-appliances/what-do-the-codes-on-my-washing-machine-mean/
Samsung,US,washer,4C,The washer is not receiving water correctly during fill.,water inlet valve,water_supply,stop_failure,1.0,manufacturer_first,Restore the water supply,"Confirm the hoses are connected without kinks, open the supply valves fully, seat the drain hose correctly, and power-cycle for one minute.",easy,https://www.samsung.com/us/support/troubleshoot/TSG10000997/
Samsung,US,washer,4C2,"The cold supply line is running unexpectedly hot, indicating reversed hoses.",supply hoses,water_supply,degraded,,,,,,https://www.samsung.com/us/support/troubleshoot/TSG10000997/
Samsung,UK,washer,4C2,"The incoming water is running hot, indicating a hot-tap connection.",supply hoses,water_supply,degraded,1.0,manufacturer_first,Connect to the cold supply,"Ensure the inlet hose is connected to the cold (blue) tap, not the hot supply.",easy,https://www.samsung.com/uk/support/home-appliances/what-do-the-codes-on-my-washing-machine-mean/
Samsung,UK,washer,5C,The washer cannot drain the water away.,drain pump,drainage,stop_failure,1.0,manufacturer_first,Clear the drain,"Empty via the emergency drain hose, clean the pump filter, and check the drain hose for blockages or kinks.",easy,https://www.samsung.com/uk/support/home-appliances/what-do-the-codes-on-my-washing-machine-mean/
Samsung,US,washer,5C,"Water is not leaving the tub at the expected rate, or at all.",drain pump,drainage,stop_failure,1.0,manufacturer_first,Clear the drain path,"Check the drain hose and drain filter for clogs or kinks, clear them, then restart the cycle.",easy,https://www.samsung.com/us/support/troubleshoot/TSG10000997/
Samsung,US,washer,5C,"Water is not leaving the tub at the expected rate, or at all.",drain pump,drainage,stop_failure,2.0,cost_ascending,Replace the drain pump,"If the drain path is clear and the code returns, disconnect power and water, open the lower access panel, and replace the drain pump (the component Samsung attributes to this code).",moderate,https://www.samsung.com/us/support/troubleshoot/TSG10000997/
Samsung,UK,washer,6E,The water heater is malfunctioning.,heating element,heating,stop_failure,1.0,manufacturer_first,Request professional service,Samsung directs water-heater faults to the Service Centre.,professional_only,https://www.samsung.com/uk/support/home-appliances/what-do-the-codes-on-my-washing-machine-mean/
Samsung,US,washer,8C,The vibration (MEMS) sensor reported a fault.,vibration sensor,sensor,degraded,,,,,,https://www.samsung.com/us/support/troubleshoot/TSG10000997/
Samsung,UK,washer,8C,The vibration (MEMS) sensor reported a fault.,vibration sensor,sensor,degraded,1.0,manufacturer_first,Power-cycle the washer,Power off and restart the cycle.,easy,https://www.samsung.com/uk/support/home-appliances/what-do-the-codes-on-my-washing-machine-mean/
Samsung,US,washer,9C1,An irregularity was detected in the supply voltage.,power supply,power,stop_failure,,,,,,https://www.samsung.com/us/support/troubleshoot/TSG10000997/
Samsung,UK,washer,9C1,Low supply voltage was detected.,power supply,power,degraded,1.0,manufacturer_first,Check the power supply,Verify the power supply and plug connection deliver stable voltage.,moderate,https://www.samsung.com/uk/support/home-appliances/what-do-the-codes-on-my-washing-machine-mean/
Samsung,US,washer,AC,A communication fault occurred between electronic modules.,control board,communication,degraded,,,,,,https://www.samsung.com/us/support/troubleshoot/TSG10000997/
Samsung,UK,washer,CB,The washer is running a calibration cycle.,control system,informational,informational,1.0,manufacturer_first,Let calibration finish,Verify the cold water supply and allow the calibration cycle to complete.,easy,https://www.samsung.com/uk/support/home-appliances/what-do-the-codes-on-my-washing-machine-mean/
Samsung,UK,washer,DC,The door is not fully closed or something is trapped in it.,door lock assembly,door_lock,stop_failure,1.0,manufacturer_first,Secure the door,Ensure the door is fully closed with nothing trapped in it.,easy,https://www.samsung.com/uk/support/home-appliances/what-do-the-codes-on-my-washing-machine-mean/
Samsung,US,washer,DC,The door is not closed and locked.,door lock assembly,door_lock,stop_failure,1.0,manufacturer_first,Secure the door,"Confirm the latch is intact, clear anything caught in the door, and close it firmly until it locks.",easy,https://www.samsung.com/us/support/troubleshoot/TSG10000997/
Samsung,US,washer,DC,The door is not closed and locked.,door lock assembly,door_lock,stop_failure,2.0,cost_ascending,Replace the door lock,"If the latch is intact and the door still reads open, disconnect power and replace the door lock switch assembly.",advanced,https://www.samsung.com/us/support/troubleshoot/TSG10000997/
Samsung,UK,washer,DDC,The AddWash door was opened without pausing the cycle.,add door,door_lock,degraded,1.0,manufacturer_first,Close and resume,Close the AddWash door and press Start/Pause to resume.,easy,https://www.samsung.com/uk/support/home-appliances/what-do-the-codes-on-my-washing-machine-mean/
Samsung,UK,washer,DE2,The on/off switch reported a fault.,power switch,power,degraded,1.0,manufacturer_first,Rest and retry,"Power off, wait five minutes, and try again.",easy,https://www.samsung.com/uk/support/home-appliances/what-do-the-codes-on-my-washing-machine-mean/
Samsung,UK,washer,E3,"An overflow condition was detected, often from excess detergent.",drainage system,suds,degraded,1.0,manufacturer_first,Reduce detergent and reset,"Use less detergent, then power-cycle and restart.",easy,https://www.samsung.com/uk/support/home-appliances/what-do-the-codes-on-my-washing-machine-mean/
Samsung,UK,washer,E4,An unbalanced load was detected.,drum suspension,unbalanced,degraded,1.0,manufacturer_first,Rebalance the load,"Redistribute the laundry, or add items to balance a small load.",easy,https://www.samsung.com/uk/support/home-appliances/what-do-the-codes-on-my-washing-machine-mean/
Samsung,UK,washer,EA,A motor fault was detected.,drive motor,motor,stop_failure,1.0,manufacturer_first,Power-cycle the washer,"Switch off for one minute, then restart the programme.",easy,https://www.samsung.com/uk/support/home-appliances/what-do-the-codes-on-my-washing-machine-mean/
Samsung,UK,washer,EC,The temperature sensor is reading incorrectly.,temperature sensor,sensor,degraded,1.0,manufacturer_first,Power-cycle the washer,"Switch off for one minute, then restart the programme.",easy,https://www.samsung.com/uk/support/home-appliances/what-do-the-codes-on-my-washing-machine-mean/
Samsung,UK,washer,FE,A fan fault was detected on washer-dryer models.,fan,fan,degraded,1.0,manufacturer_first,Request professional service,Samsung directs fan faults to the Service Centre.,professional_only,https://www.samsung.com/uk/support/home-appliances/what-do-the-codes-on-my-washing-machine-mean/
Samsung,US,washer,HC,The heating circuit is out of range.,heating element,heating,degraded,1.0,manufacturer_first,Basic reset,"Power off for two to three minutes, power on, and restart the cycle; contact support if it persists.",easy,https://www.samsung.com/us/support/troubleshoot/TSG10000997/
Samsung,UK,washer,HE2,The dryer heater overheated and shut down for safety.,dryer heater,heating,stop_failure,1.0,manufacturer_first,Request professional service,The dryer heater shut down for safety; contact the Service Centre.,professional_only,https://www.samsung.com/uk/support/home-appliances/what-do-the-codes-on-my-washing-machine-mean/
Samsung,UK,washer,HE3,The steam function is malfunctioning.,steam generator,heating,degraded,1.0,manufacturer_first,Request professional service,Samsung directs steam-function faults to the Service Centre.,professional_only,https://www.samsung.com/uk/support/home-appliances/what-do-the-codes-on-my-washing-machine-mean/
Samsung,UK,washer,HOT,The appliance is hot and the fan is running until it cools.,temperature regulation,informational,informational,1.0,manufacturer_first,Let it cool,Not a fault: the fan runs until the appliance cools to about 55 degrees Celsius.,easy,https://www.samsung.com/uk/support/home-appliances/what-do-the-codes-on-my-washing-machine-mean/
Samsung,US,washer,OC,The water level rose above the permitted maximum.,water level sensor,water_supply,stop_failure,1.0,manufacturer_first,Address the overflow,Follow the drainage checks to remove excess water and inspect for a stuck water valve or level sensor.,moderate,https://www.samsung.com/us/support/troubleshoot/TSG10000997/
Samsung,US,washer,PC,A clutch-position fault was detected.,clutch,motor,degraded,,,,,,https://www.samsung.com/us/support/troubleshoot/TSG10000997/
Samsung,UK,washer,PLO,A power fault was detected at the socket or fuse.,power supply,power,degraded,1.0,manufacturer_first,Check socket and fuse,"Power-cycle, check the socket, and replace the plug fuse if needed.",moderate,https://www.samsung.com/uk/support/home-appliances/what-do-the-codes-on-my-washing-machine-mean/
Samsung,US,washer,SDC,The detergent drawer is not fully closed.,detergent drawer,dispenser,degraded,,,,,,https://www.samsung.com/us/support/troubleshoot/TSG10000997/
Samsung,US,washer,SUD,Excess suds were detected and the cycle paused to clear the foam.,detergent system,suds,degraded,1.0,manufacturer_first,Clear the suds,"Run an empty cycle with no additives until the suds clear, then reduce detergent going forward.",easy,https://www.samsung.com/us/support/troubleshoot/TSG10000997/
Samsung,US,washer,TE,A temperature-sensor fault was detected.,temperature sensor,sensor,degraded,,,,,,https://www.samsung.com/us/support/troubleshoot/TSG10000997/
Samsung,US,washer,UB,The load is unbalanced and the drum cannot spin safely.,drum suspension,unbalanced,degraded,1.0,manufacturer_first,Rebalance the load,"Untangle and redistribute the laundry evenly in the tub, close the door, and restart.",easy,https://www.samsung.com/us/support/troubleshoot/TSG10000997/
Samsung,UK,washer,UC,Voltage fluctuation was detected in the supply.,power supply,power,degraded,1.0,manufacturer_first,Stabilize the supply,Connect directly to a wall socket without extension cables and verify the supply.,easy,https://www.samsung.com/uk/support/home-appliances/what-do-the-codes-on-my-washing-machine-mean/
Whirlpool,US,dryer,AF,Airflow through the venting system is restricted.,exhaust vent,ventilation,degraded,1.0,manufacturer_first,Clear the vent,"Check the lint screen and vent for blockages, and straighten any crushed or kinked duct sections.",easy,https://www.appliancecodehub.com/whirlpool/dryer/
Whirlpool,US,dryer,F01,The primary control board failed.,control board,control_board,stop_failure,1.0,manufacturer_first,Request professional service,Whirlpool directs F-series control faults to service; the primary control board has failed.,professional_only,https://www.appliancecodehub.com/whirlpool/dryer/
Whirlpool,US,dryer,F02,The keypad or user interface failed.,keypad,control_board,degraded,1.0,manufacturer_first,Request professional service,Whirlpool directs F-series control faults to service; the keypad or user interface has failed.,professional_only,https://www.appliancecodehub.com/whirlpool/dryer/
Whirlpool,US,dryer,F06,A door lock fault was detected.,door lock,door_lock,degraded,1.0,manufacturer_first,Request professional service,Whirlpool directs F-series faults to service; have the door lock diagnosed.,professional_only,https://www.appliancecodehub.com/whirlpool/dryer/
Whirlpool,US,dryer,F20,A heating element fault was detected.,heating element,heating,stop_failure,1.0,manufacturer_first,Request professional service,Whirlpool directs F-series faults to service; have the heating element diagnosed.,professional_only,https://www.appliancecodehub.com/whirlpool/dryer/
Whirlpool,US,dryer,F24,A communication fault was detected.,control board,communication,degraded,1.0,manufacturer_first,Request professional service,Whirlpool directs F-series faults to service; have the control communication diagnosed.,professional_only,https://www.appliancecodehub.com/whirlpool/dryer/
Whirlpool,US,dryer,F25,A communication fault was detected.,control board,communication,degraded,1.0,manufacturer_first,Request professional service,Whirlpool directs F-series faults to service; have the control communication diagnosed.,professional_only,https://www.appliancecodehub.com/whirlpool/dryer/
Whirlpool,US,dryer,F26,A motor drive fault was detected.,drive motor,motor,stop_failure,1.0,manufacturer_first,Request professional service,Whirlpool directs F-series faults to service; have the motor drive diagnosed.,professional_only,https://www.appliancecodehub.com/whirlpool/dryer/
Whirlpool,US,dryer,F29,A moisture sensor fault was detected.,moisture sensor,sensor,degraded,1.0,manufacturer_first,Request professional service,Whirlpool directs F-series faults to service; have the moisture sensor diagnosed.,professional_only,https://www.appliancecodehub.com/whirlpool/dryer/
Whirlpool,US,dryer,F30,Airflow is restricted in the venting system.,exhaust vent,ventilation,degraded,1.0,manufacturer_first,Clear the vent,"Check the lint screen and vent for blockages, and straighten any crushed or kinked duct sections.",easy,https://www.appliancecodehub.com/whirlpool/dryer/
Whirlpool,US,dryer,F31,Low or no line voltage was detected.,power supply,power,stop_failure,1.0,manufacturer_first,Check the power supply,Verify the home power supply and breaker deliver correct voltage to the dryer; low line voltage keeps the heater from turning on.,moderate,https://www.appliancecodehub.com/whirlpool/dryer/
Whirlpool,US,dryer,PF,A power failure interrupted the drying cycle.,control board,power,informational,1.0,manufacturer_first,Restart after the outage,"Restart the drying cycle, or press Power to clear the display.",easy,https://www.appliancecodehub.com/whirlpool/dryer/
Whirlpool,US,oven_range,CAL,The oven calibration mode is active.,control system,informational,informational,1.0,manufacturer_first,Exit calibration mode,Follow the owner's manual calibration procedure to exit the mode.,easy,https://producthelp.whirlpool.com/Cooking/Wall_Ovens_and_Ranges/Product_Info/Oven_Product_Assistance/Error_Codes_for_Cooking_Appliances
Whirlpool,US,oven_range,F0E0,The electronic oven control cannot identify the type of fault that occurred.,electronic control,control_board,degraded,1.0,manufacturer_first,Power-cycle the range,"Switch the breaker off for one minute, restore power, and monitor for one minute; request service if the code returns.",easy,https://producthelp.whirlpool.com/Cooking/Wall_Ovens_and_Ranges/Ranges/Error_Codes
Whirlpool,US,oven_range,F1,"A fault involving the oven temperature sensor, the control, or their wiring was detected.",oven temperature sensor,sensor,degraded,1.0,manufacturer_first,Power-cycle then service,"Switch the breaker off for one minute and restore power; if the sensor code returns, service the sensor, control, or wiring.",moderate,https://producthelp.whirlpool.com/Cooking/Wall_Ovens_and_Ranges/Ranges/Error_Codes
Whirlpool,US,oven_range,F2E1,"A fault involving the user interface or keypad, the control, or their wiring was detected.",keypad,control_board,degraded,1.0,manufacturer_first,Power-cycle then service,"Switch the breaker off for one minute and restore power; if the keypad code returns, service the interface, control, or wiring.",moderate,https://producthelp.whirlpool.com/Cooking/Wall_Ovens_and_Ranges/Ranges/Error_Codes
Whirlpool,US,oven_range,F3E0,"A fault involving the oven temperature sensor, the control, or their wiring was detected.",oven temperature sensor,sensor,degraded,1.0,manufacturer_first,Power-cycle then service,"Switch the breaker off for one minute and restore power; if the sensor code returns, service the sensor, control, or wiring.",moderate,https://producthelp.whirlpool.com/Cooking/Wall_Ovens_and_Ranges/Ranges/Error_Codes
Whirlpool,US,oven_range,F3E2,A fault involving the oven temperature sensor or warming drawer sensor was detected.,oven temperature sensor,sensor,degraded,1.0,manufacturer_first,Power-cycle then service,"Switch the breaker off for one minute and restore power; if the code returns, service the oven or warming-drawer sensor wiring.",moderate,https://producthelp.whirlpool.com/Cooking/Wall_Ovens_and_Ranges/Ranges/Error_Codes
Whirlpool,US,oven_range,F8E0,"The cooling fan speed is too low, from an airflow restriction, the fan, or its wiring.",cooling fan,fan,degraded,1.0,manufacturer_first,Clear the cooling airflow,"Check for airflow restrictions around the cooling fan, then power-cycle at the breaker; service the fan or wiring if the code returns.",moderate,https://producthelp.whirlpool.com/Cooking/Wall_Ovens_and_Ranges/Ranges/Error_Codes
Whirlpool,US,oven_range,F9E0,An electrical wiring or power-supply problem was detected.,power supply,power,stop_failure,1.0,manufacturer_first,Have the wiring verified,Have a qualified electrician verify the wiring and supply voltage; avoid pressing keys during the ten-second power-up delay after outages.,professional_only,https://producthelp.whirlpool.com/Cooking/Wall_Ovens_and_Ranges/Product_Info/Oven_Product_Assistance/Error_Codes_for_Cooking_Appliances
Whirlpool,US,oven_range,LOC,The control lock feature is enabled.,control panel,informational,informational,1.0,manufacturer_first,Disable the control lock,Follow the owner's manual procedure to turn off the control lock feature.,easy,https://producthelp.whirlpool.com/Cooking/Wall_Ovens_and_Ranges/Product_Info/Oven_Product_Assistance/Error_Codes_for_Cooking_Appliances
Whirlpool,US,oven_range,PF,A power failure interrupted operation.,control board,power,informational,1.0,manufacturer_first,Clear the power-failure code,Press Cancel and reset the time-of-day clock if needed.,easy,https://producthelp.whirlpool.com/Cooking/Wall_Ovens_and_Ranges/Product_Info/Oven_Product_Assistance/Error_Codes_for_Cooking_Appliances
Whirlpool,US,oven_range,SAB,Sabbath mode is active.,control system,informational,informational,1.0,manufacturer_first,Exit Sabbath mode,Follow the owner's manual procedure for entering and exiting Sabbath mode.,easy,https://producthelp.whirlpool.com/Cooking/Wall_Ovens_and_Ranges/Product_Info/Oven_Product_Assistance/Error_Codes_for_Cooking_Appliances
Whirlpool,US,washer,DET,No detergent cartridge is detected in the dispenser.,detergent dispenser,dispenser,degraded,1.0,manufacturer_first,Reseat the detergent cartridge,Insert the dispenser cartridge correctly and close the drawer fully; ignore the message when using single-dose packs.,easy,https://producthelp.whirlpool.com/Laundry/Washers/Product_Info/Washer_Product_Assistance/Error_Codes_in_Front_Load_Washers
Whirlpool,US,washer,DRN,The washer is not draining properly.,drain pump,drainage,stop_failure,1.0,manufacturer_first,Review the installation,Slow draining is often an installation issue; verify the drain setup and schedule service if it persists.,moderate,https://producthelp.whirlpool.com/Laundry/Washers/Product_Info/Washer_Product_Assistance/Error_Codes_in_Top_Load_HE_Washers
Whirlpool,US,washer,F5E2,The door is not locking properly.,door lock assembly,door_lock,stop_failure,1.0,manufacturer_first,Clear the door and reset,"Remove anything blocking the door so it closes fully, then press Pause/Cancel twice and Power once to clear.",easy,https://producthelp.whirlpool.com/Laundry/Washers/Product_Info/Washer_Product_Assistance/Error_Codes_in_Front_Load_Washers
Whirlpool,US,washer,F5E2,The door is not locking properly.,door lock assembly,door_lock,stop_failure,2.0,cost_ascending,Replace the door latch,"If nothing blocks the door and the lock error returns after clearing, disconnect power and replace the door latch assembly.",advanced,https://producthelp.whirlpool.com/Laundry/Washers/Product_Info/Washer_Product_Assistance/Error_Codes_in_Front_Load_Washers
Whirlpool,US,washer,F7E1,A motor speed-sensing error was detected.,drive motor,motor,stop_failure,1.0,manufacturer_first,Check bolts and load,"Confirm all shipping bolts were removed and the drum is not overloaded, then press Pause/Cancel twice and Power once.",moderate,https://producthelp.whirlpool.com/Laundry/Washers/Product_Info/Washer_Product_Assistance/Error_Codes_in_Front_Load_Washers
Whirlpool,US,washer,F8E1,The washer senses a low flow of water during fill.,water inlet valve,water_supply,stop_failure,1.0,manufacturer_first,Open the water supply,"Turn the household supply on, open both faucets fully, straighten kinked inlet hoses, and remove any anti-flood devices.",easy,https://producthelp.whirlpool.com/Laundry/Washers/Product_Info/Washer_Product_Assistance/Error_Codes_in_Front_Load_Washers
Whirlpool,US,washer,F8E2,A problem was detected with the dispenser system.,detergent dispenser,dispenser,degraded,1.0,manufacturer_first,Clean the dispenser,Check the detergent drawer or cartridge for clogged detergent and clean it out.,easy,https://producthelp.whirlpool.com/Laundry/Washers/Product_Info/Washer_Product_Assistance/Error_Codes_in_Front_Load_Washers
Whirlpool,US,washer,F9E1,Draining is taking longer than expected (over about eight minutes).,drain pump,drainage,stop_failure,1.0,manufacturer_first,Clear the drain path,"Straighten or unclog the drain hose, fit the U-shaped form, keep the standpipe between 39 and 96 inches, and use HE detergent.",moderate,https://producthelp.whirlpool.com/Laundry/Washers/Product_Info/Washer_Product_Assistance/Error_Codes_in_Front_Load_Washers
Whirlpool,US,washer,F9E1,Draining is taking longer than expected (over about eight minutes).,drain pump,drainage,stop_failure,2.0,cost_ascending,Replace the drain pump,"If the drain path is clear and draining still exceeds eight minutes, disconnect power and water, open the access panel, and replace the drain pump.",advanced,https://producthelp.whirlpool.com/Laundry/Washers/Product_Info/Washer_Product_Assistance/Error_Codes_in_Front_Load_Washers
Whirlpool,US,washer,HC,The hot and cold inlet hoses are connected in reverse.,inlet hoses,water_supply,degraded,1.0,manufacturer_first,Swap the hoses,"Turn off the water supply, reverse the hot and cold inlet hoses, and run a cycle to confirm.",easy,https://producthelp.whirlpool.com/Laundry/Washers/Product_Info/Washer_Product_Assistance/Error_Codes_in_Top_Load_HE_Washers
Whirlpool,US,washer,INT,The cycle was paused or cancelled.,control system,informational,informational,1.0,manufacturer_first,Clear the interrupted cycle,"Press Pause/Cancel twice and Power once; if the code stays, disconnect power for five minutes.",easy,https://producthelp.whirlpool.com/Laundry/Washers/Product_Info/Washer_Product_Assistance/Error_Codes_in_Front_Load_Washers
Whirlpool,US,washer,LDL,The lid is not locking.,lid lock,door_lock,stop_failure,1.0,manufacturer_first,Clear the lid lock,Remove items from under the lid and clean detergent buildup around the lid-lock mechanism.,easy,https://producthelp.whirlpool.com/Laundry/Washers/Product_Info/Washer_Product_Assistance/Error_Codes_in_Top_Load_HE_Washers
Whirlpool,US,washer,LDU,The lid cannot unlock.,lid lock,door_lock,degraded,1.0,manufacturer_first,Clear the washer top,Remove objects such as a laundry basket from the top of the washer so the lid can unlock.,easy,https://producthelp.whirlpool.com/Laundry/Washers/Product_Info/Washer_Product_Assistance/Error_Codes_in_Top_Load_HE_Washers
Whirlpool,US,washer,LID,The lid was left open.,lid,door_lock,informational,1.0,manufacturer_first,Close the lid,"Close the lid to clear the display; if the tub drained after ten minutes, restart without adding more detergent.",easy,https://producthelp.whirlpool.com/Laundry/Washers/Product_Info/Washer_Product_Assistance/Error_Codes_in_Top_Load_HE_Washers
Whirlpool,US,washer,LOC,"The control lock is active, disabling the panel.",control panel,informational,informational,1.0,manufacturer_first,Release the control lock,Press (or press and hold) the Control Lock button; on older models the owner's manual identifies which button toggles the lock.,easy,https://producthelp.whirlpool.com/Laundry/Washers/Product_Info/Washer_Product_Assistance/Error_Codes_in_Front_Load_Washers
Whirlpool,US,washer,OFB,The load is out of balance.,drum suspension,unbalanced,degraded,1.0,manufacturer_first,Rebalance the load,"Redistribute items loosely and evenly around the washplate, close the lid, and press Start/Pause; use the Bulky cycle for oversized items.",easy,https://producthelp.whirlpool.com/Laundry/Washers/Product_Info/Washer_Product_Assistance/Error_Codes_in_Top_Load_HE_Washers
Whirlpool,US,washer,OL,The load is too large.,drum,unbalanced,degraded,1.0,manufacturer_first,Lighten the load,"Remove several items, add HE detergent, close the lid, and press Start/Pause.",easy,https://producthelp.whirlpool.com/Laundry/Washers/Product_Info/Washer_Product_Assistance/Error_Codes_in_Top_Load_HE_Washers
Whirlpool,US,washer,PF,The wash cycle was interrupted by a power failure.,control board,power,informational,1.0,manufacturer_first,Restart after the outage,"Touch and hold Start to resume the cycle, or press Power to clear the display.",easy,https://producthelp.whirlpool.com/Laundry/Washers/Product_Info/Washer_Product_Assistance/Error_Codes_in_Top_Load_HE_Washers
Whirlpool,US,washer,RL,Items were detected in the drum during the Clean Washer cycle.,drum,informational,degraded,1.0,manufacturer_first,Empty the drum,Remove all items from the drum and restart the Clean Washer cycle.,easy,https://producthelp.whirlpool.com/Laundry/Washers/Product_Info/Washer_Product_Assistance/Error_Codes_in_Front_Load_Washers
Whirlpool,US,washer,SUD,Too many suds were detected in the wash.,detergent system,suds,degraded,1.0,manufacturer_first,Cut the suds,"Switch to HE detergent, avoid no-splash chlorine bleach, and confirm the drain hose is not kinked or clogged.",easy,https://producthelp.whirlpool.com/Laundry/Washers/Product_Info/Washer_Product_Assistance/Error_Codes_in_Front_Load_Washers
